CustomerID,Recency,Frequency,Monetary,R_Score,F_Score,M_Score,RFM_Score,RFM_Segment,KMeans_Cluster,DBSCAN_Cluster,Agglomerative_Cluster,GMM_Cluster,Final_Segment
17777,25,3,647.56,4,3,3,433,Loyal Customers,3,0,2,4,New Active
16719,15,14,3513.62,5,5,5,555,Champions,2,0,0,0,Loyal Customers
12546,47,2,1161.5,4,2,3,423,Promising / New,3,0,2,4,New Active
17484,576,2,209.57,1,3,1,131,At Risk,4,0,4,2,Hibernating Low-Value
17207,652,1,292.62,1,2,2,122,Lost / Inactive,4,1,4,1,Hibernating Low-Value
17733,39,2,692.19,4,3,3,433,Loyal Customers,3,0,2,4,New Active
14713,9,21,5115.76,5,5,5,555,Champions,0,0,0,0,VIP Champions
13976,207,4,1192.36,2,3,3,233,At Risk,1,0,3,2,At-Risk Churn
18163,584,1,728.84,1,2,3,123,Lost / Inactive,4,1,4,1,Hibernating Low-Value
14570,281,3,613.75,2,3,3,233,At Risk,1,0,3,2,At-Risk Churn
14198,18,9,1569.73,5,5,4,554,Champions,2,0,2,0,Loyal Customers
17767,15,2,413.05,5,3,2,532,Loyal Customers,3,0,1,4,New Active
15693,659,1,37.5,1,1,1,111,Lost / Inactive,4,1,4,1,Hibernating Low-Value
18104,37,1,754.64,4,2,3,423,Promising / New,3,1,2,1,New Active
15317,677,1,129.75,1,1,1,111,Lost / Inactive,4,1,4,1,Hibernating Low-Value
15909,174,1,191.94,3,1,1,311,Needs Attention,4,1,4,1,Hibernating Low-Value
14015,53,1,917.34,4,1,3,413,Promising / New,3,1,1,1,New Active
15673,88,9,6204.32,3,5,5,355,Loyal Customers,2,0,0,0,Loyal Customers
16468,74,3,787.52,3,3,3,333,Loyal Customers,3,0,2,4,New Active
17292,472,2,271.75,1,3,1,131,At Risk,4,0,3,2,Hibernating Low-Value
15064,410,4,1254.41,2,3,4,234,At Risk,1,0,3,2,At-Risk Churn
15016,173,5,620.89,3,4,3,343,Loyal Customers,1,0,3,2,At-Risk Churn
18213,237,1,232.48,2,2,1,221,Lost / Inactive,4,1,4,1,Hibernating Low-Value
12756,87,1,112.08,3,1,1,311,Needs Attention,4,1,1,1,Hibernating Low-Value
14682,188,6,1514.81,3,4,4,344,Loyal Customers,1,0,3,0,At-Risk Churn
14504,47,4,673.26,4,3,3,433,Loyal Customers,3,0,2,4,New Active
14699,214,4,702.6,2,3,3,233,At Risk,1,0,3,2,At-Risk Churn
13614,24,6,2332.74,4,4,4,444,Champions,2,0,2,0,Loyal Customers
14460,110,9,1093.5,3,5,3,353,Loyal Customers,2,0,3,0,Loyal Customers
13351,66,1,373.94,3,1,2,312,Needs Attention,3,1,1,1,New Active
13396,29,2,1360.99,4,2,4,424,Promising / New,3,0,2,4,New Active
12568,645,1,70.0,1,1,1,111,Lost / Inactive,4,1,4,1,Hibernating Low-Value
12369,413,3,1791.15,1,3,4,134,At Risk,1,0,3,2,At-Risk Churn
15425,400,4,1941.12,2,3,4,234,At Risk,1,0,3,2,At-Risk Churn
13832,19,2,609.89,5,2,3,523,Promising / New,3,0,2,4,New Active
17168,499,1,400.2,1,2,2,122,Lost / Inactive,4,1,4,1,Hibernating Low-Value
16702,415,4,1110.83,1,4,3,143,At Risk,1,0,3,2,At-Risk Churn
17342,380,4,1227.54,2,4,4,244,At Risk,1,0,3,2,At-Risk Churn
15083,257,1,88.2,2,1,1,211,Lost / Inactive,4,1,4,1,Hibernating Low-Value
16851,4,3,342.45,5,3,2,532,Loyal Customers,3,0,1,4,New Active
15038,59,9,1146.53,4,5,3,453,Champions,2,0,2,0,Loyal Customers
14584,169,8,1738.16,3,4,4,344,Loyal Customers,1,0,3,0,At-Risk Churn
17459,43,2,657.3,4,3,3,433,Loyal Customers,3,0,2,4,New Active
13003,106,3,149.05,3,3,1,331,Loyal Customers,4,0,1,4,Hibernating Low-Value
17676,4,10,2448.64,5,5,4,554,Champions,2,0,2,0,Loyal Customers
14373,358,1,76.55,2,1,1,211,Lost / Inactive,4,1,4,1,Hibernating Low-Value
13228,81,1,358.0,3,1,2,312,Needs Attention,4,1,1,1,Hibernating Low-Value
15448,313,2,788.81,2,2,3,223,Lost / Inactive,1,0,3,2,At-Risk Churn
17554,1,5,1952.45,5,4,4,544,Champions,2,0,2,0,Loyal Customers
13576,10,28,11202.59,5,5,5,555,Champions,0,0,0,0,VIP Champions
17166,39,2,206.34,4,3,1,431,Loyal Customers,3,0,1,4,New Active
17851,422,6,1552.35,1,4,4,144,At Risk,1,0,3,2,At-Risk Churn
14950,19,1,371.2,5,1,2,512,Promising / New,3,1,1,1,New Active
17143,417,2,880.97,1,3,3,133,At Risk,1,0,3,2,At-Risk Churn
16677,411,2,880.62,1,2,3,123,Lost / Inactive,1,0,3,2,At-Risk Churn
13784,10,14,2910.23,5,5,5,555,Champions,2,0,0,0,Loyal Customers
14064,29,15,3260.24,4,5,5,455,Champions,2,0,0,0,Loyal Customers
17588,100,7,2939.55,3,4,5,345,Loyal Customers,2,0,2,0,Loyal Customers
16199,392,7,942.75,2,4,3,243,At Risk,1,0,3,2,At-Risk Churn
15003,473,6,1027.03,1,4,3,143,At Risk,1,0,3,2,At-Risk Churn
16908,722,1,252.59,1,2,1,121,Lost / Inactive,4,1,4,1,Hibernating Low-Value
15170,407,1,81.15,2,1,1,211,Lost / Inactive,4,1,4,1,Hibernating Low-Value
13404,1,2,252.49,5,2,1,521,Promising / New,3,0,1,4,New Active
12854,79,7,2970.97,3,4,5,345,Loyal Customers,2,0,0,0,Loyal Customers
14140,4,2,935.05,5,2,3,523,Promising / New,3,0,2,4,New Active
14899,395,1,1331.38,2,1,4,214,Lost / Inactive,1,1,3,1,At-Risk Churn
14472,104,9,2118.72,3,5,4,354,Loyal Customers,2,0,2,0,Loyal Customers
15117,15,8,2485.97,5,4,4,544,Champions,2,0,2,0,Loyal Customers
16081,56,8,4278.96,4,5,5,455,Champions,2,0,0,0,Loyal Customers
17093,593,1,235.88,1,2,1,121,Lost / Inactive,4,1,4,1,Hibernating Low-Value
14623,32,10,2016.98,4,5,4,454,Champions,2,0,2,0,Loyal Customers
15094,463,2,83.0,1,2,1,121,Lost / Inactive,4,0,4,2,Hibernating Low-Value
16168,11,66,10360.67,5,5,5,555,Champions,0,0,0,3,VIP Champions
16093,107,1,17.0,3,1,1,311,Needs Attention,4,-1,1,1,Hibernating Low-Value
16335,552,7,2753.52,1,4,4,144,At Risk,1,0,3,0,At-Risk Churn
16191,3,24,15677.82,5,5,5,555,Champions,0,0,0,0,VIP Champions
16563,54,6,4412.56,4,4,5,445,Champions,2,0,0,0,Loyal Customers
17185,592,3,229.46,1,3,1,131,At Risk,4,0,4,2,Hibernating Low-Value
15985,123,7,2715.28,3,4,4,344,Loyal Customers,2,0,2,0,Loyal Customers
13134,86,6,2475.23,3,4,4,344,Loyal Customers,2,0,2,0,Loyal Customers
14008,432,1,509.04,1,1,2,112,Lost / Inactive,4,1,4,1,Hibernating Low-Value
15181,66,5,1200.2,3,4,3,343,Loyal Customers,1,0,2,0,At-Risk Churn
13698,597,2,451.73,1,2,2,122,Lost / Inactive,4,0,3,2,Hibernating Low-Value
16835,128,6,1456.66,3,4,4,344,Loyal Customers,1,0,3,0,At-Risk Churn
14836,10,3,102.45,5,3,1,531,Loyal Customers,3,0,1,4,New Active
15777,241,7,1762.61,2,4,4,244,At Risk,1,0,3,0,At-Risk Churn
14261,51,2,1163.45,4,2,3,423,Promising / New,3,0,2,4,New Active
13158,95,5,1508.18,3,4,4,344,Loyal Customers,1,0,2,0,At-Risk Churn
13733,411,2,487.03,1,2,2,122,Lost / Inactive,4,0,3,2,Hibernating Low-Value
15211,60,2,894.41,3,2,3,323,Needs Attention,3,0,2,4,New Active
14149,221,1,446.62,2,1,2,212,Lost / Inactive,4,1,4,1,Hibernating Low-Value
17070,114,2,437.42,3,3,2,332,Loyal Customers,1,0,1,4,At-Risk Churn
13529,79,2,307.76,3,2,2,322,Needs Attention,3,0,1,4,New Active
13163,610,1,17.65,1,1,1,111,Lost / Inactive,4,1,4,1,Hibernating Low-Value
16833,1,6,2409.04,5,4,4,544,Champions,2,0,2,0,Loyal Customers
15226,311,1,154.41,2,1,1,211,Lost / Inactive,4,1,4,1,Hibernating Low-Value
12426,195,2,1345.21,2,2,4,224,Lost / Inactive,1,0,3,4,At-Risk Churn
13469,653,1,82.4,1,1,1,111,Lost / Inactive,4,1,4,1,Hibernating Low-Value
17269,386,1,491.81,2,2,2,222,Lost / Inactive,4,1,4,1,Hibernating Low-Value
14156,10,156,313437.62,5,5,5,555,Champions,0,-1,0,3,VIP Champions
17813,14,5,1698.07,5,4,4,544,Champions,2,0,2,0,Loyal Customers
16950,57,10,3541.77,4,5,5,455,Champions,2,0,0,0,Loyal Customers
12580,247,2,1052.9,2,2,3,223,Lost / Inactive,1,0,3,2,At-Risk Churn
15986,30,2,354.42,4,2,2,422,Promising / New,3,0,1,4,New Active
15269,24,3,1225.36,4,3,4,434,Loyal Customers,3,0,2,4,New Active
16730,52,3,743.11,4,3,3,433,Loyal Customers,3,0,2,4,New Active
17748,527,1,358.15,1,2,2,122,Lost / Inactive,4,1,4,1,Hibernating Low-Value
14170,375,3,570.18,2,3,2,232,At Risk,1,0,3,2,At-Risk Churn
16311,18,2,616.26,5,2,3,523,Promising / New,3,0,2,4,New Active
17638,647,2,842.4,1,3,3,133,At Risk,1,0,3,2,At-Risk Churn
14264,155,6,1517.36,3,4,4,344,Loyal Customers,1,0,3,0,At-Risk Churn
13096,394,1,419.7,2,1,2,212,Lost / Inactive,4,1,4,1,Hibernating Low-Value
15807,50,5,1817.52,4,4,4,444,Champions,2,0,2,0,Loyal Customers
15797,113,6,2821.08,3,4,4,344,Loyal Customers,2,0,2,0,Loyal Customers
18059,23,3,306.46,4,3,2,432,Loyal Customers,3,0,1,4,New Active
13707,267,5,3365.86,2,4,5,245,At Risk,1,0,2,2,At-Risk Churn
13521,1,3,1071.73,5,3,3,533,Loyal Customers,3,0,2,4,New Active
16040,65,7,2416.9,3,4,4,344,Loyal Customers,2,0,2,0,Loyal Customers
15131,395,1,80.28,2,1,1,211,Lost / Inactive,4,1,4,1,Hibernating Low-Value
16781,372,2,623.0,2,2,3,223,Lost / Inactive,1,0,3,2,At-Risk Churn
17898,85,4,299.18,3,4,2,342,Loyal Customers,3,0,1,4,New Active
12643,128,12,8304.82,3,5,5,355,Loyal Customers,2,0,0,0,Loyal Customers
16618,31,5,2647.59,4,4,4,444,Champions,2,0,2,0,Loyal Customers
17833,723,1,338.46,1,2,2,122,Lost / Inactive,4,1,4,1,Hibernating Low-Value
14144,486,1,30.6,1,1,1,111,Lost / Inactive,4,1,4,1,Hibernating Low-Value
14742,435,1,579.85,1,1,2,112,Lost / Inactive,4,1,4,1,Hibernating Low-Value
14155,266,1,118.75,2,1,1,211,Lost / Inactive,4,1,4,1,Hibernating Low-Value
17601,239,2,413.08,2,3,2,232,At Risk,4,0,1,2,Hibernating Low-Value
18049,437,2,500.92,1,3,2,132,At Risk,4,0,3,2,Hibernating Low-Value
14895,8,38,25119.54,5,5,5,555,Champions,0,0,0,3,VIP Champions
18179,9,8,2547.55,5,5,4,554,Champions,2,0,0,0,Loyal Customers
16053,33,6,3634.84,4,4,5,445,Champions,2,0,2,0,Loyal Customers
12882,9,2,1463.04,5,2,4,524,Promising / New,3,0,2,4,New Active
15560,398,2,153.52,2,2,1,221,Lost / Inactive,4,0,4,2,Hibernating Low-Value
15501,405,2,399.95,2,2,2,222,Lost / Inactive,4,0,3,2,Hibernating Low-Value
13570,243,1,239.49,2,1,1,211,Lost / Inactive,4,1,4,1,Hibernating Low-Value
14556,596,3,815.69,1,3,3,133,At Risk,1,0,3,2,At-Risk Churn
17105,159,2,665.78,3,3,3,333,Loyal Customers,1,0,3,4,At-Risk Churn
16332,28,11,2000.01,4,5,4,454,Champions,2,0,0,0,Loyal Customers
12975,437,6,2100.09,1,4,4,144,At Risk,1,0,3,2,At-Risk Churn
14979,735,1,429.66,1,1,2,112,Lost / Inactive,4,1,4,1,Hibernating Low-Value
14830,53,1,188.88,4,1,1,411,Promising / New,3,1,1,1,New Active
14102,5,5,1105.88,5,4,3,543,Champions,3,0,2,0,New Active
17283,379,1,188.46,2,2,1,221,Lost / Inactive,4,1,4,1,Hibernating Low-Value
16178,138,2,612.6,3,2,3,323,Needs Attention,1,0,1,4,At-Risk Churn
12610,23,5,2099.54,4,4,4,444,Champions,2,0,2,0,Loyal Customers
12504,18,4,779.05,5,3,3,533,Loyal Customers,3,0,2,4,New Active
14582,41,1,114.11,4,1,1,411,Promising / New,3,1,1,1,New Active
16969,39,3,650.41,4,3,3,433,Loyal Customers,3,0,2,4,New Active
16901,729,1,204.26,1,2,1,121,Lost / Inactive,4,1,4,1,Hibernating Low-Value
13313,22,12,3445.32,4,5,5,455,Champions,2,0,0,0,Loyal Customers
17952,378,4,788.46,2,4,3,243,At Risk,1,0,3,2,At-Risk Churn
12448,44,1,449.45,4,1,2,412,Promising / New,3,1,1,1,New Active
13686,183,3,409.04,3,3,2,332,Loyal Customers,1,0,1,4,At-Risk Churn
16896,555,1,103.95,1,2,1,121,Lost / Inactive,4,1,4,1,Hibernating Low-Value
16327,14,16,10159.64,5,5,5,555,Champions,0,0,0,0,VIP Champions
15023,3,20,11578.65,5,5,5,555,Champions,0,0,0,0,VIP Champions
13260,61,1,557.62,3,1,2,312,Needs Attention,3,1,1,1,New Active
15092,215,3,776.46,2,3,3,233,At Risk,1,0,3,2,At-Risk Churn
16955,185,6,1120.31,3,4,3,343,Loyal Customers,1,0,3,0,At-Risk Churn
13395,185,3,1180.23,3,3,3,333,Loyal Customers,1,0,3,4,At-Risk Churn
14012,278,1,328.8,2,1,2,212,Lost / Inactive,4,1,4,1,Hibernating Low-Value
13849,52,5,3469.3,4,4,5,445,Champions,2,0,2,0,Loyal Customers
13462,253,5,1153.85,2,4,3,243,At Risk,1,0,3,2,At-Risk Churn
15421,59,10,3805.34,4,5,5,455,Champions,2,0,0,0,Loyal Customers
17965,38,29,7006.65,4,5,5,455,Champions,0,0,0,0,VIP Champions
12524,9,17,11126.11,5,5,5,555,Champions,0,0,0,0,VIP Champions
15837,65,2,777.01,3,2,3,323,Needs Attention,3,0,2,4,New Active
15574,178,6,1101.44,3,4,3,343,Loyal Customers,1,0,3,0,At-Risk Churn
16197,469,9,2016.71,1,5,4,154,At Risk,1,0,3,0,At-Risk Churn
13456,18,6,1766.72,5,4,4,544,Champions,2,0,2,0,Loyal Customers
18002,376,4,244.37,2,4,1,241,At Risk,4,0,3,2,Hibernating Low-Value
18256,388,1,110.7,2,2,1,221,Lost / Inactive,4,1,4,1,Hibernating Low-Value
17094,322,2,402.2,2,3,2,232,At Risk,4,0,3,2,Hibernating Low-Value
14667,11,54,20395.34,5,5,5,555,Champions,0,0,0,3,VIP Champions
15234,277,1,197.0,2,1,1,211,Lost / Inactive,4,1,4,1,Hibernating Low-Value
13643,31,10,2156.77,4,5,4,454,Champions,2,0,2,0,Loyal Customers
12503,584,1,1126.0,1,1,3,113,Lost / Inactive,1,1,4,1,At-Risk Churn
16987,3,11,2521.4,5,5,4,554,Champions,2,0,2,0,Loyal Customers
12774,536,1,98.7,1,1,1,111,Lost / Inactive,4,1,4,1,Hibernating Low-Value
17886,32,6,1572.55,4,4,4,444,Champions,2,0,2,0,Loyal Customers
14322,429,4,474.1,1,3,2,132,At Risk,1,0,3,2,At-Risk Churn
14758,145,7,2864.97,3,4,4,344,Loyal Customers,2,0,2,0,Loyal Customers
16593,51,8,1071.14,4,5,3,453,Champions,2,0,2,0,Loyal Customers
17086,7,6,2050.08,5,4,4,544,Champions,2,0,2,0,Loyal Customers
15413,692,5,6798.72,1,4,5,145,At Risk,1,-1,0,3,At-Risk Churn
17254,5,3,469.48,5,3,2,532,Loyal Customers,3,0,1,4,New Active
16211,89,3,1090.59,3,3,3,333,Loyal Customers,1,0,2,4,At-Risk Churn
12878,236,2,854.99,2,2,3,223,Lost / Inactive,1,0,3,2,At-Risk Churn
16229,87,6,2867.86,3,4,4,344,Loyal Customers,2,0,2,0,Loyal Customers
16404,70,1,443.05,3,1,2,312,Needs Attention,3,1,1,1,New Active
17473,409,2,607.0,2,3,2,232,At Risk,1,0,3,2,At-Risk Churn
13884,7,10,1825.03,5,5,4,554,Champions,2,0,2,0,Loyal Customers
16183,67,4,1077.81,3,4,3,343,Loyal Customers,1,0,2,0,At-Risk Churn
16767,31,15,8056.76,4,5,5,455,Champions,2,0,0,0,Loyal Customers
12479,11,1,527.2,5,1,2,512,Promising / New,3,1,1,1,New Active
18225,3,26,13014.8,5,5,5,555,Champions,0,0,0,0,VIP Champions
12749,4,9,6897.36,5,5,5,555,Champions,2,0,0,0,Loyal Customers
12514,267,2,1597.76,2,2,4,224,Lost / Inactive,1,0,3,2,At-Risk Churn
13868,7,2,3192.54,5,2,5,525,Promising / New,3,0,2,4,New Active
15834,70,7,3764.39,3,4,5,345,Loyal Customers,2,0,0,0,Loyal Customers
16339,284,1,94.05,2,1,1,211,Lost / Inactive,4,1,4,1,Hibernating Low-Value
13907,692,1,136.8,1,1,1,111,Lost / Inactive,4,1,4,1,Hibernating Low-Value
13865,58,4,501.56,4,3,2,432,Loyal Customers,3,0,1,4,New Active
13988,20,8,4757.8,4,4,5,445,Champions,2,0,0,0,Loyal Customers
16540,414,1,205.75,1,1,1,111,Lost / Inactive,4,1,4,1,Hibernating Low-Value
14681,71,6,875.15,3,4,3,343,Loyal Customers,1,0,2,0,At-Risk Churn
13873,120,8,1038.92,3,4,3,343,Loyal Customers,1,0,3,0,At-Risk Churn
13927,75,2,708.26,3,2,3,323,Needs Attention,3,0,1,4,New Active
15261,135,4,1508.0,3,3,4,334,Loyal Customers,1,0,2,0,At-Risk Churn
18183,227,2,632.07,2,3,3,233,At Risk,1,0,3,2,At-Risk Churn
13693,374,9,2011.82,2,5,4,254,At Risk,1,0,3,0,At-Risk Churn
12586,17,4,2062.67,5,3,4,534,Loyal Customers,2,0,2,4,Loyal Customers
13330,93,6,2796.1,3,4,4,344,Loyal Customers,2,0,2,0,Loyal Customers
13997,519,3,376.46,1,3,2,132,At Risk,4,0,3,2,Hibernating Low-Value
13974,49,2,677.72,4,2,3,423,Promising / New,3,0,1,4,New Active
14332,23,5,1917.41,4,4,4,444,Champions,2,0,2,0,Loyal Customers
13797,437,3,1179.45,1,3,3,133,At Risk,1,0,3,2,At-Risk Churn
16852,10,2,144.91,5,3,1,531,Loyal Customers,3,0,1,4,New Active
13305,4,16,3616.41,5,5,5,555,Champions,0,0,0,0,VIP Champions
14027,61,1,104.82,3,1,1,311,Needs Attention,4,1,1,1,Hibernating Low-Value
12515,353,1,383.7,2,1,2,212,Lost / Inactive,4,1,4,1,Hibernating Low-Value
18272,3,9,4385.98,5,5,5,555,Champions,2,0,2,0,Loyal Customers
16242,8,14,7404.65,5,5,5,555,Champions,0,0,0,0,VIP Champions
15005,16,56,13754.58,5,5,5,555,Champions,0,0,0,3,VIP Champions
14319,424,1,494.85,1,1,2,112,Lost / Inactive,4,1,4,1,Hibernating Low-Value
14034,22,3,648.89,4,3,3,433,Loyal Customers,3,0,2,4,New Active
18168,176,16,3435.5,3,5,5,355,Loyal Customers,2,0,0,0,Loyal Customers
13629,23,19,13370.86,4,5,5,455,Champions,0,0,0,0,VIP Champions
17902,547,1,216.4,1,2,1,121,Lost / Inactive,4,1,4,1,Hibernating Low-Value
14646,2,151,528602.52,5,5,5,555,Champions,0,-1,0,3,VIP Champions
12427,22,3,825.8,4,3,3,433,Loyal Customers,3,0,2,4,New Active
12693,127,7,1703.02,3,4,4,344,Loyal Customers,1,0,3,0,At-Risk Churn
14109,73,1,144.2,3,1,1,311,Needs Attention,4,1,1,1,Hibernating Low-Value
14671,549,2,1127.45,1,2,3,123,Lost / Inactive,1,0,3,2,At-Risk Churn
17537,30,2,887.67,4,3,3,433,Loyal Customers,3,0,2,4,New Active
17385,15,1,256.11,5,2,1,521,Promising / New,3,1,1,1,New Active
13399,464,3,275.4,1,3,1,131,At Risk,4,0,3,2,Hibernating Low-Value
12741,529,2,406.07,1,2,2,122,Lost / Inactive,4,0,3,2,Hibernating Low-Value
17478,408,2,1272.8,2,3,4,234,At Risk,1,0,3,2,At-Risk Churn
15973,367,3,680.62,2,3,3,233,At Risk,1,0,3,2,At-Risk Churn
14022,225,2,792.15,2,2,3,223,Lost / Inactive,1,0,3,2,At-Risk Churn
12925,5,3,729.33,5,3,3,533,Loyal Customers,3,0,2,4,New Active
15576,38,1,921.37,4,1,3,413,Promising / New,3,1,2,1,New Active
16542,54,2,257.32,4,2,1,421,Promising / New,3,0,1,4,New Active
18046,650,1,189.63,1,2,1,121,Lost / Inactive,4,1,4,1,Hibernating Low-Value
13915,394,1,70.8,2,1,1,211,Lost / Inactive,4,1,4,1,Hibernating Low-Value
16634,223,6,1649.81,2,4,4,244,At Risk,1,0,3,0,At-Risk Churn
16774,68,8,1567.48,3,5,4,354,Loyal Customers,2,0,2,0,Loyal Customers
15585,177,1,455.3,3,1,2,312,Needs Attention,4,1,4,1,Hibernating Low-Value
16937,499,1,196.25,1,2,1,121,Lost / Inactive,4,1,4,1,Hibernating Low-Value
14279,521,2,191.86,1,2,1,121,Lost / Inactive,4,0,4,2,Hibernating Low-Value
14312,47,11,3090.29,4,5,5,455,Champions,2,0,0,0,Loyal Customers
13285,23,6,3364.59,4,4,5,445,Champions,2,0,2,0,Loyal Customers
12935,2,15,4243.86,5,5,5,555,Champions,0,0,2,0,VIP Champions
16552,243,2,379.73,2,2,2,222,Lost / Inactive,4,0,1,2,Hibernating Low-Value
12655,424,1,261.35,1,1,1,111,Lost / Inactive,4,1,4,1,Hibernating Low-Value
18279,519,1,231.34,1,2,1,121,Lost / Inactive,4,1,4,1,Hibernating Low-Value
13897,50,3,1160.72,4,3,3,433,Loyal Customers,3,0,2,4,New Active
13537,426,2,717.85,1,2,3,123,Lost / Inactive,1,0,3,2,At-Risk Churn
13162,122,16,9275.49,3,5,5,355,Loyal Customers,2,0,0,0,Loyal Customers
13771,64,9,5728.82,3,5,5,355,Loyal Customers,2,0,0,0,Loyal Customers
17956,249,1,12.75,2,2,1,221,Lost / Inactive,4,1,4,1,Hibernating Low-Value
12892,397,1,263.38,2,1,1,211,Lost / Inactive,4,1,4,1,Hibernating Low-Value
15948,8,3,1509.09,5,3,4,534,Loyal Customers,3,0,2,4,New Active
16688,1,4,1260.86,5,4,4,544,Champions,3,0,2,4,New Active
14535,60,9,5973.23,3,5,5,355,Loyal Customers,2,0,0,0,Loyal Customers
16479,10,2,300.83,5,2,2,522,Promising / New,3,0,1,4,New Active
15613,610,1,433.72,1,1,2,112,Lost / Inactive,4,1,4,1,Hibernating Low-Value
15727,17,15,9371.71,5,5,5,555,Champions,0,0,0,0,VIP Champions
15536,409,1,259.09,2,1,1,211,Lost / Inactive,4,1,4,1,Hibernating Low-Value
13161,313,2,472.13,2,2,2,222,Lost / Inactive,4,0,3,2,Hibernating Low-Value
15508,189,6,1000.27,3,4,3,343,Loyal Customers,1,0,3,0,At-Risk Churn
12360,52,8,4252.89,4,4,5,445,Champions,2,0,0,0,Loyal Customers
16193,237,2,630.43,2,2,3,223,Lost / Inactive,1,0,3,2,At-Risk Churn
18101,11,5,622.01,5,4,3,543,Champions,3,0,2,0,New Active
15339,66,7,1821.02,3,4,4,344,Loyal Customers,2,0,2,0,Loyal Customers
15342,130,1,406.09,3,1,2,312,Needs Attention,4,1,4,1,Hibernating Low-Value
14987,16,8,1550.65,5,4,4,544,Champions,2,0,2,0,Loyal Customers
14400,149,3,1732.47,3,3,4,334,Loyal Customers,1,0,3,4,At-Risk Churn
12412,75,6,2596.93,3,4,4,344,Loyal Customers,2,0,2,0,Loyal Customers
16629,74,2,408.63,3,2,2,322,Needs Attention,3,0,1,4,New Active
13725,50,8,1980.56,4,4,4,444,Champions,2,0,2,0,Loyal Customers
16837,31,11,3170.98,4,5,5,455,Champions,2,0,0,0,Loyal Customers
14030,18,20,7521.8,5,5,5,555,Champions,0,0,0,0,VIP Champions
16870,469,1,450.16,1,2,2,122,Lost / Inactive,4,1,4,1,Hibernating Low-Value
15487,680,1,231.32,1,1,1,111,Lost / Inactive,4,1,4,1,Hibernating Low-Value
13025,732,1,323.39,1,1,2,112,Lost / Inactive,4,1,4,1,Hibernating Low-Value
12787,10,4,862.18,5,3,3,533,Loyal Customers,3,0,2,4,New Active
14991,430,1,314.67,1,1,2,112,Lost / Inactive,4,1,4,1,Hibernating Low-Value
14502,20,11,2429.83,4,5,4,454,Champions,2,0,2,0,Loyal Customers
12435,80,6,13925.93,3,4,5,345,Loyal Customers,2,0,0,3,Loyal Customers
16312,432,1,171.15,1,1,1,111,Lost / Inactive,4,1,4,1,Hibernating Low-Value
13102,1,37,11380.1,5,5,5,555,Champions,0,0,0,3,VIP Champions
17752,359,1,80.64,2,2,1,221,Lost / Inactive,4,1,4,1,Hibernating Low-Value
12666,394,1,1248.42,2,1,4,214,Lost / Inactive,1,1,3,1,At-Risk Churn
13737,200,1,339.6,2,1,2,212,Lost / Inactive,4,1,4,1,Hibernating Low-Value
16949,4,6,1286.27,5,4,4,544,Champions,2,0,2,0,Loyal Customers
17169,58,3,1156.73,4,3,3,433,Loyal Customers,3,0,2,4,New Active
15070,373,3,737.05,2,3,3,233,At Risk,1,0,3,2,At-Risk Churn
16964,733,2,207.85,1,3,1,131,At Risk,4,0,4,2,Hibernating Low-Value
13622,696,1,658.95,1,1,3,113,Lost / Inactive,4,1,4,1,Hibernating Low-Value
15857,19,2,570.48,5,2,2,522,Promising / New,3,0,2,4,New Active
13581,309,2,280.53,2,2,1,221,Lost / Inactive,4,0,1,2,Hibernating Low-Value
17226,309,3,895.47,2,3,3,233,At Risk,1,0,3,2,At-Risk Churn
17577,645,2,348.75,1,3,2,132,At Risk,4,0,3,2,Hibernating Low-Value
12719,5,2,644.95,5,2,3,523,Promising / New,3,0,2,4,New Active
15793,15,8,2399.57,5,4,4,544,Champions,2,0,2,0,Loyal Customers
12902,265,1,138.68,2,1,1,211,Lost / Inactive,4,1,4,1,Hibernating Low-Value
16653,16,2,1212.66,5,2,3,523,Promising / New,3,0,2,4,New Active
13390,75,1,544.08,3,1,2,312,Needs Attention,3,1,1,1,New Active
13004,12,36,11650.85,5,5,5,555,Champions,0,0,0,3,VIP Champions
17460,94,16,2157.97,3,5,4,354,Loyal Customers,2,0,0,0,Loyal Customers
14816,197,1,271.85,2,1,1,211,Lost / Inactive,4,1,4,1,Hibernating Low-Value
15641,105,12,5345.55,3,5,5,355,Loyal Customers,2,0,0,0,Loyal Customers
12698,590,1,339.75,1,1,2,112,Lost / Inactive,4,1,4,1,Hibernating Low-Value
15318,4,1,312.62,5,1,2,512,Promising / New,3,1,1,1,New Active
17018,41,6,2287.7,4,4,4,444,Champions,2,0,2,0,Loyal Customers
12528,9,6,1933.48,5,4,4,544,Champions,2,0,2,0,Loyal Customers
17753,464,4,382.06,1,4,2,142,At Risk,1,0,3,2,At-Risk Churn
14496,312,7,2363.89,2,4,4,244,At Risk,1,0,3,0,At-Risk Churn
17118,318,1,157.02,2,2,1,221,Lost / Inactive,4,1,4,1,Hibernating Low-Value
14961,11,22,16410.15,5,5,5,555,Champions,0,0,0,0,VIP Champions
14463,98,4,786.57,3,3,3,333,Loyal Customers,1,0,3,0,At-Risk Churn
16892,1,7,754.75,5,4,3,543,Champions,3,0,2,0,New Active
13488,17,23,14205.96,5,5,5,555,Champions,0,0,0,0,VIP Champions
15175,72,1,224.14,3,1,1,311,Needs Attention,4,1,1,1,Hibernating Low-Value
17179,178,6,1507.26,3,4,4,344,Loyal Customers,1,0,3,0,At-Risk Churn
12606,682,1,21.0,1,1,1,111,Lost / Inactive,4,1,4,1,Hibernating Low-Value
12626,23,9,6620.48,4,5,5,455,Champions,2,0,0,0,Loyal Customers
13445,626,1,241.9,1,1,1,111,Lost / Inactive,4,1,4,1,Hibernating Low-Value
12545,75,2,1000.39,3,2,3,323,Needs Attention,3,0,2,4,New Active
13138,22,7,1274.01,4,4,4,444,Champions,2,0,2,0,Loyal Customers
17883,3,7,988.42,5,4,3,543,Champions,2,0,2,0,Loyal Customers
17914,4,1,329.36,5,2,2,522,Promising / New,3,1,1,1,New Active
13434,74,5,1666.86,3,4,4,344,Loyal Customers,2,0,2,0,Loyal Customers
12886,68,2,1378.4,3,2,4,324,Needs Attention,3,0,2,4,New Active
12849,31,6,3042.47,4,4,5,445,Champions,2,0,2,0,Loyal Customers
16433,28,2,384.52,4,2,2,422,Promising / New,3,0,1,4,New Active
16732,32,4,4387.64,4,4,5,445,Champions,2,0,2,4,Loyal Customers
13909,423,2,282.85,1,2,1,121,Lost / Inactive,4,0,3,2,Hibernating Low-Value
16890,477,3,285.41,1,3,1,131,At Risk,4,0,3,2,Hibernating Low-Value
13995,15,14,3902.01,5,5,5,555,Champions,2,0,0,0,Loyal Customers
17462,60,2,675.69,3,3,3,333,Loyal Customers,3,0,2,4,New Active
18091,593,1,360.85,1,2,2,122,Lost / Inactive,4,1,4,1,Hibernating Low-Value
16946,383,5,1222.04,2,4,4,244,At Risk,1,0,3,2,At-Risk Churn
13349,11,1,247.32,5,1,1,511,Promising / New,3,1,1,1,New Active
15188,725,1,310.43,1,1,2,112,Lost / Inactive,4,1,4,1,Hibernating Low-Value
12361,287,4,511.25,2,3,2,232,At Risk,1,0,3,2,At-Risk Churn
15276,66,4,619.8,3,3,3,333,Loyal Customers,3,0,1,4,New Active
14234,22,4,754.12,4,3,3,433,Loyal Customers,3,0,2,4,New Active
16224,57,5,1616.54,4,4,4,444,Champions,2,0,2,0,Loyal Customers
15683,117,2,524.54,3,2,2,322,Needs Attention,1,0,1,4,At-Risk Churn
15575,620,1,30.1,1,1,1,111,Lost / Inactive,4,1,4,1,Hibernating Low-Value
16410,734,1,130.32,1,1,1,111,Lost / Inactive,4,1,4,1,Hibernating Low-Value
14909,437,3,1404.68,1,3,4,134,At Risk,1,0,3,2,At-Risk Churn
14845,600,1,150.0,1,1,1,111,Lost / Inactive,4,1,4,1,Hibernating Low-Value
17522,2,5,1070.71,5,4,3,543,Champions,3,0,2,0,New Active
16325,47,12,3597.5,4,5,5,455,Champions,2,0,0,0,Loyal Customers
17829,299,5,4756.74,2,4,5,245,At Risk,1,0,0,2,At-Risk Churn
14467,18,12,2203.24,5,5,4,554,Champions,2,0,2,0,Loyal Customers
14785,10,2,77.4,5,2,1,521,Promising / New,3,0,1,4,New Active
16918,50,16,3206.54,4,5,5,455,Champions,2,0,0,0,Loyal Customers
15778,431,1,307.95,1,1,2,112,Lost / Inactive,4,1,4,1,Hibernating Low-Value
16141,88,2,955.94,3,2,3,323,Needs Attention,1,0,2,4,At-Risk Churn
17651,12,16,5703.52,5,5,5,555,Champions,0,0,0,0,VIP Champions
13555,74,13,8891.84,3,5,5,355,Loyal Customers,2,0,0,0,Loyal Customers
15303,290,3,1224.18,2,3,4,234,At Risk,1,0,3,2,At-Risk Churn
16029,39,107,117763.62,4,5,5,455,Champions,0,-1,0,3,VIP Champions
16524,446,2,306.19,1,2,2,122,Lost / Inactive,4,0,3,2,Hibernating Low-Value
14894,85,3,1492.81,3,3,4,334,Loyal Customers,1,0,2,4,At-Risk Churn
16107,18,7,3204.16,5,4,5,545,Champions,2,0,0,0,Loyal Customers
13596,6,2,664.11,5,2,3,523,Promising / New,3,0,2,4,New Active
17358,303,5,861.01,2,4,3,243,At Risk,1,0,3,2,At-Risk Churn
13649,257,6,1453.68,2,4,4,244,At Risk,1,0,3,2,At-Risk Churn
16342,75,4,322.41,3,4,2,342,Loyal Customers,3,0,1,4,New Active
14596,627,1,222.22,1,1,1,111,Lost / Inactive,4,1,4,1,Hibernating Low-Value
15674,73,13,6948.23,3,5,5,355,Loyal Customers,2,0,0,0,Loyal Customers
16244,212,2,1522.75,2,2,4,224,Lost / Inactive,1,0,3,4,At-Risk Churn
14783,659,1,307.3,1,1,2,112,Lost / Inactive,4,1,4,1,Hibernating Low-Value
15127,66,2,711.5,3,2,3,323,Needs Attention,3,0,2,4,New Active
17870,2,13,2753.29,5,5,4,554,Champions,0,0,2,0,VIP Champions
14720,6,3,663.81,5,3,3,533,Loyal Customers,3,0,2,4,New Active
15313,110,1,52.0,3,1,1,311,Needs Attention,4,1,1,1,Hibernating Low-Value
15472,113,1,371.56,3,1,2,312,Needs Attention,4,1,4,1,Hibernating Low-Value
12354,232,1,1079.4,2,1,3,213,Lost / Inactive,1,1,3,1,At-Risk Churn
14592,35,3,557.94,4,3,2,432,Loyal Customers,3,0,2,4,New Active
14822,485,1,157.7,1,1,1,111,Lost / Inactive,4,1,4,1,Hibernating Low-Value
17271,736,1,204.3,1,2,1,121,Lost / Inactive,4,1,4,1,Hibernating Low-Value
17068,12,47,8987.68,5,5,5,555,Champions,0,0,0,3,VIP Champions
15255,67,9,3706.02,3,5,5,355,Loyal Customers,2,0,0,0,Loyal Customers
12384,29,2,585.27,4,2,2,422,Promising / New,3,0,2,4,New Active
12577,35,8,1617.1,4,4,4,444,Champions,2,0,2,0,Loyal Customers
18210,2,7,2768.83,5,4,4,544,Champions,2,0,2,0,Loyal Customers
12948,16,9,2317.43,5,5,4,554,Champions,2,0,2,0,Loyal Customers
13416,44,3,940.8,4,3,3,433,Loyal Customers,3,0,2,4,New Active
15599,27,3,1250.06,4,3,4,434,Loyal Customers,3,0,2,4,New Active
16622,544,1,225.4,1,1,1,111,Lost / Inactive,4,1,4,1,Hibernating Low-Value
13713,408,3,740.76,2,3,3,233,At Risk,1,0,3,2,At-Risk Churn
12721,32,8,4013.08,4,4,5,445,Champions,2,0,0,0,Loyal Customers
15056,520,1,113.65,1,1,1,111,Lost / Inactive,4,1,4,1,Hibernating Low-Value
12910,23,13,5796.52,4,5,5,455,Champions,2,0,0,0,Loyal Customers
12379,82,4,1620.22,3,3,4,334,Loyal Customers,1,0,2,0,At-Risk Churn
16555,35,6,1915.68,4,4,4,444,Champions,2,0,2,0,Loyal Customers
12391,22,6,2724.84,4,4,4,444,Champions,2,0,2,0,Loyal Customers
13659,206,12,4884.68,2,5,5,255,At Risk,2,0,0,0,Loyal Customers
14609,72,10,1486.2,3,5,4,354,Loyal Customers,2,0,2,0,Loyal Customers
13841,253,1,85.0,2,1,1,211,Lost / Inactive,4,1,4,1,Hibernating Low-Value
14640,24,10,3649.36,4,5,5,455,Champions,2,0,0,0,Loyal Customers
14546,5,11,5184.84,5,5,5,555,Champions,2,0,0,0,Loyal Customers
13757,675,1,195.55,1,1,1,111,Lost / Inactive,4,1,4,1,Hibernating Low-Value
18096,12,6,1657.87,5,4,4,544,Champions,2,0,2,0,Loyal Customers
14807,391,2,504.14,2,2,2,222,Lost / Inactive,4,0,3,2,Hibernating Low-Value
17335,384,2,497.04,2,3,2,232,At Risk,4,0,3,2,Hibernating Low-Value
12672,330,2,437.05,2,2,2,222,Lost / Inactive,4,0,3,2,Hibernating Low-Value
17693,137,1,200.47,3,2,1,321,Needs Attention,4,1,4,1,Hibernating Low-Value
14791,607,1,303.63,1,1,2,112,Lost / Inactive,4,1,4,1,Hibernating Low-Value
15273,600,1,228.96,1,1,1,111,Lost / Inactive,4,1,4,1,Hibernating Low-Value
16237,437,1,136.65,1,1,1,111,Lost / Inactive,4,1,4,1,Hibernating Low-Value
16473,165,4,470.83,3,4,2,342,Loyal Customers,1,0,3,2,At-Risk Churn
14849,22,43,15407.61,4,5,5,455,Champions,0,0,0,3,VIP Champions
15118,134,1,244.8,3,1,1,311,Needs Attention,4,1,1,1,Hibernating Low-Value
17194,274,3,812.5,2,3,3,233,At Risk,1,0,3,2,At-Risk Churn
16647,170,4,541.9,3,4,2,342,Loyal Customers,1,0,3,2,At-Risk Churn
16724,405,1,147.35,2,2,1,221,Lost / Inactive,4,1,4,1,Hibernating Low-Value
14719,2,5,1581.84,5,4,4,544,Champions,2,0,2,0,Loyal Customers
12971,4,116,15704.6,5,5,5,555,Champions,0,-1,0,3,VIP Champions
13114,731,1,234.38,1,1,1,111,Lost / Inactive,4,1,4,1,Hibernating Low-Value
16772,423,3,3698.05,1,3,5,135,At Risk,1,0,3,2,At-Risk Churn
14675,16,2,1015.58,5,2,3,523,Promising / New,3,0,2,4,New Active
14812,599,1,178.85,1,1,1,111,Lost / Inactive,4,1,4,1,Hibernating Low-Value
14896,205,8,1826.0,2,4,4,244,At Risk,1,0,3,0,At-Risk Churn
13560,7,1,171.42,5,1,1,511,Promising / New,3,1,1,1,New Active
14132,2,11,3586.03,5,5,5,555,Champions,0,0,2,0,VIP Champions
13542,377,17,3959.49,2,5,5,255,At Risk,2,0,0,0,Loyal Customers
15957,32,3,921.25,4,3,3,433,Loyal Customers,3,0,2,4,New Active
14948,23,6,1101.97,4,4,3,443,Champions,2,0,2,0,Loyal Customers
17789,281,2,397.15,2,3,2,232,At Risk,4,0,1,2,Hibernating Low-Value
15218,11,22,11468.83,5,5,5,555,Champions,0,0,0,0,VIP Champions
16460,28,3,811.23,4,3,3,433,Loyal Customers,3,0,2,4,New Active
14837,90,9,3460.32,3,5,5,355,Loyal Customers,2,0,0,0,Loyal Customers
13322,17,1,199.48,5,1,1,511,Promising / New,3,1,1,1,New Active
15078,7,53,17286.73,5,5,5,555,Champions,0,0,0,3,VIP Champions
15271,7,24,4528.54,5,5,5,555,Champions,0,0,0,0,VIP Champions
18243,414,1,515.78,1,2,2,122,Lost / Inactive,4,1,4,1,Hibernating Low-Value
17839,42,1,318.15,4,2,2,422,Promising / New,3,1,1,1,New Active
18078,217,4,725.53,2,4,3,243,At Risk,1,0,3,2,At-Risk Churn
12671,606,1,2622.48,1,1,4,114,Lost / Inactive,1,1,3,1,At-Risk Churn
14446,1,5,1200.28,5,4,3,543,Champions,3,0,2,0,New Active
16658,368,6,690.83,2,4,3,243,At Risk,1,0,3,2,At-Risk Churn
16738,298,1,3.75,2,2,1,221,Lost / Inactive,4,-1,4,1,Hibernating Low-Value
16855,24,2,328.4,4,3,2,432,Loyal Customers,3,0,1,4,New Active
13268,18,11,3174.75,5,5,5,555,Champions,2,0,0,0,Loyal Customers
15663,106,1,138.14,3,1,1,311,Needs Attention,4,1,1,1,Hibernating Low-Value
15080,428,2,546.25,1,2,2,122,Lost / Inactive,1,0,3,2,At-Risk Churn
16379,4,4,2157.4,5,4,4,544,Champions,2,0,2,4,Loyal Customers
14333,68,1,415.2,3,1,2,312,Needs Attention,3,1,1,1,New Active
16259,410,3,340.94,2,3,2,232,At Risk,4,0,3,2,Hibernating Low-Value
16227,225,3,1027.22,2,3,3,233,At Risk,1,0,3,2,At-Risk Churn
14085,2,33,9720.67,5,5,5,555,Champions,0,0,0,3,VIP Champions
18247,415,3,839.73,1,3,3,133,At Risk,1,0,3,2,At-Risk Churn
18015,4,1,120.03,5,2,1,521,Promising / New,3,1,1,1,New Active
17677,2,54,35058.46,5,5,5,555,Champions,0,0,0,3,VIP Champions
14185,331,1,197.65,2,1,1,211,Lost / Inactive,4,1,4,1,Hibernating Low-Value
16218,30,13,3968.67,4,5,5,455,Champions,2,0,0,0,Loyal Customers
17427,72,1,100.8,3,2,1,321,Needs Attention,4,1,1,1,Hibernating Low-Value
15847,38,5,822.57,4,4,3,443,Champions,3,0,2,0,New Active
16393,2,23,5297.77,5,5,5,555,Champions,0,0,0,0,VIP Champions
12758,117,7,9903.24,3,4,5,345,Loyal Customers,2,0,0,3,Loyal Customers
17009,551,1,242.06,1,2,1,121,Lost / Inactive,4,1,4,1,Hibernating Low-Value
16043,38,8,1856.59,4,4,4,444,Champions,2,0,2,0,Loyal Customers
17860,369,4,717.39,2,4,3,243,At Risk,1,0,3,2,At-Risk Churn
14091,654,2,9530.08,1,2,5,125,Lost / Inactive,1,-1,3,3,At-Risk Churn
16420,396,1,75.0,2,1,1,211,Lost / Inactive,4,1,4,1,Hibernating Low-Value
17585,109,7,2064.71,3,4,4,344,Loyal Customers,2,0,2,0,Loyal Customers
14334,17,12,4318.48,5,5,5,555,Champions,2,0,0,0,Loyal Customers
16249,53,5,1800.07,4,4,4,444,Champions,2,0,2,0,Loyal Customers
17989,379,1,207.33,2,2,1,221,Lost / Inactive,4,1,4,1,Hibernating Low-Value
15938,112,9,734.81,3,5,3,353,Loyal Customers,1,0,3,0,At-Risk Churn
14656,169,5,790.0,3,4,3,343,Loyal Customers,1,0,3,0,At-Risk Churn
15281,59,16,8543.57,4,5,5,455,Champions,2,0,0,0,Loyal Customers
15082,669,1,93.35,1,1,1,111,Lost / Inactive,4,1,4,1,Hibernating Low-Value
14031,7,44,39019.51,5,5,5,555,Champions,0,0,0,3,VIP Champions
17877,170,1,237.61,3,2,1,321,Needs Attention,4,1,4,1,Hibernating Low-Value
17668,1,2,347.75,5,3,2,532,Loyal Customers,3,0,1,4,New Active
12947,144,6,1603.99,3,4,4,344,Loyal Customers,1,0,3,0,At-Risk Churn
15344,1,3,563.94,5,3,2,532,Loyal Customers,3,0,2,4,New Active
12363,110,2,552.0,3,2,2,322,Needs Attention,1,0,1,4,At-Risk Churn
17844,107,1,51.56,3,2,1,321,Needs Attention,4,1,1,1,Hibernating Low-Value
12587,8,1,144.0,5,1,1,511,Promising / New,3,1,1,1,New Active
16495,3,3,648.26,5,3,3,533,Loyal Customers,3,0,2,4,New Active
14184,67,1,452.89,3,1,2,312,Needs Attention,3,1,1,1,New Active
16992,11,13,5476.5,5,5,5,555,Champions,2,0,0,0,Loyal Customers
12813,502,3,1687.8,1,3,4,134,At Risk,1,0,3,2,At-Risk Churn
12644,130,4,1918.49,3,3,4,334,Loyal Customers,1,0,2,0,At-Risk Churn
15648,204,2,639.5,2,2,3,223,Lost / Inactive,1,0,3,4,At-Risk Churn
15618,33,4,776.85,4,3,3,433,Loyal Customers,3,0,2,4,New Active
14473,74,2,234.34,3,2,1,321,Needs Attention,3,0,1,4,New Active
12410,309,3,1013.71,2,3,3,233,At Risk,1,0,3,2,At-Risk Churn
13055,78,4,2321.11,3,3,4,334,Loyal Customers,1,0,2,0,At-Risk Churn
16585,594,2,341.59,1,2,2,122,Lost / Inactive,4,0,3,2,Hibernating Low-Value
14578,3,1,168.63,5,1,1,511,Promising / New,3,1,1,1,New Active
16733,530,1,259.68,1,2,1,121,Lost / Inactive,4,1,4,1,Hibernating Low-Value
13900,183,6,1610.59,3,4,4,344,Loyal Customers,1,0,3,0,At-Risk Churn
16683,534,1,320.25,1,2,2,122,Lost / Inactive,4,1,4,1,Hibernating Low-Value
13951,176,3,674.45,3,3,3,333,Loyal Customers,1,0,3,4,At-Risk Churn
12431,36,27,10432.22,4,5,5,455,Champions,0,0,0,0,VIP Champions
14017,571,1,229.75,1,1,1,111,Lost / Inactive,4,1,4,1,Hibernating Low-Value
17971,548,1,161.94,1,2,1,121,Lost / Inactive,4,1,4,1,Hibernating Low-Value
18004,362,1,157.92,2,2,1,221,Lost / Inactive,4,1,4,1,Hibernating Low-Value
14526,389,1,258.65,2,1,1,211,Lost / Inactive,4,1,4,1,Hibernating Low-Value
15748,40,3,609.81,4,3,3,433,Loyal Customers,3,0,2,4,New Active
13775,591,1,1049.66,1,1,3,113,Lost / Inactive,1,1,4,1,At-Risk Churn
14258,9,25,32051.34,5,5,5,555,Champions,0,0,0,3,VIP Champions
12953,10,2,828.81,5,2,3,523,Promising / New,3,0,2,4,New Active
12680,1,4,880.81,5,3,3,533,Loyal Customers,3,0,2,4,New Active
16636,438,4,3802.04,1,4,5,145,At Risk,1,0,3,2,At-Risk Churn
13504,64,1,295.93,3,1,2,312,Needs Attention,3,1,1,1,New Active
13684,286,4,594.88,2,3,2,232,At Risk,1,0,3,2,At-Risk Churn
18030,4,2,230.65,5,3,1,531,Loyal Customers,3,0,1,4,New Active
14095,723,1,2.95,1,1,1,111,Lost / Inactive,4,-1,4,1,Hibernating Low-Value
17756,376,3,728.75,2,3,3,233,At Risk,1,0,3,2,At-Risk Churn
13030,11,2,752.44,5,2,3,523,Promising / New,3,0,2,4,New Active
13092,71,12,2140.28,3,5,4,354,Loyal Customers,2,0,0,0,Loyal Customers
12594,38,15,5090.11,4,5,5,455,Champions,2,0,0,0,Loyal Customers
18215,89,5,2232.49,3,4,4,344,Loyal Customers,2,0,2,0,Loyal Customers
16698,227,2,1998.0,2,2,4,224,Lost / Inactive,1,0,3,2,At-Risk Churn
14983,689,1,183.2,1,1,1,111,Lost / Inactive,4,1,4,1,Hibernating Low-Value
13926,23,1,223.85,4,1,1,411,Promising / New,3,1,1,1,New Active
16982,61,1,384.06,3,2,2,322,Needs Attention,3,1,1,1,New Active
17468,10,3,194.8,5,3,1,531,Loyal Customers,3,0,1,4,New Active
13800,310,3,1679.56,2,3,4,234,At Risk,1,0,3,2,At-Risk Churn
18150,32,3,566.58,4,3,2,432,Loyal Customers,3,0,2,4,New Active
17809,16,20,10085.89,5,5,5,555,Champions,0,0,0,0,VIP Champions
15240,45,12,4459.98,4,5,5,455,Champions,2,0,0,0,Loyal Customers
14947,72,6,1049.79,3,4,3,343,Loyal Customers,1,0,2,0,At-Risk Churn
13389,11,3,797.96,5,3,3,533,Loyal Customers,3,0,2,4,New Active
16217,235,2,304.25,2,2,2,222,Lost / Inactive,4,0,1,2,Hibernating Low-Value
17927,722,1,294.0,1,2,2,122,Lost / Inactive,4,1,4,1,Hibernating Low-Value
15637,53,5,797.59,4,4,3,443,Champions,3,0,2,0,New Active
15177,426,1,948.93,1,1,3,113,Lost / Inactive,1,1,4,1,At-Risk Churn
12662,1,20,6726.54,5,5,5,555,Champions,0,0,0,0,VIP Champions
16780,100,3,596.4,3,3,2,332,Loyal Customers,1,0,3,4,At-Risk Churn
13878,55,4,2416.9,4,3,4,434,Loyal Customers,2,0,2,4,Loyal Customers
12496,620,2,45.34,1,2,1,121,Lost / Inactive,4,0,4,2,Hibernating Low-Value
13518,86,1,627.16,3,1,3,313,Needs Attention,3,1,1,1,New Active
17297,17,1,128.18,5,2,1,521,Promising / New,3,1,1,1,New Active
12637,67,12,8283.81,3,5,5,355,Loyal Customers,2,0,0,0,Loyal Customers
12801,501,1,1071.82,1,1,3,113,Lost / Inactive,1,1,4,1,At-Risk Churn
13691,396,1,212.78,2,1,1,211,Lost / Inactive,4,1,4,1,Hibernating Low-Value
17796,40,7,1236.39,4,4,4,444,Champions,2,0,2,0,Loyal Customers
14153,483,1,233.4,1,1,1,111,Lost / Inactive,4,1,4,1,Hibernating Low-Value
17992,389,1,252.88,2,2,1,221,Lost / Inactive,4,1,4,1,Hibernating Low-Value
17327,410,2,152.35,2,3,1,231,At Risk,4,0,4,2,Hibernating Low-Value
14776,51,15,3708.3,4,5,5,455,Champions,2,0,0,0,Loyal Customers
13402,127,4,1226.85,3,3,4,334,Loyal Customers,1,0,2,0,At-Risk Churn
16728,46,4,1048.28,4,4,3,443,Champions,3,0,2,0,New Active
16913,290,3,423.91,2,3,2,232,At Risk,1,0,3,2,At-Risk Churn
15097,4,3,908.35,5,3,3,533,Loyal Customers,3,0,2,4,New Active
18249,17,1,95.34,5,2,1,521,Promising / New,3,1,1,1,New Active
17411,12,5,1425.38,5,4,4,544,Champions,2,0,2,0,Loyal Customers
13032,52,9,2815.96,4,5,4,454,Champions,2,0,0,0,Loyal Customers
14834,18,7,2206.16,5,4,4,544,Champions,2,0,2,0,Loyal Customers
14673,3,7,3037.32,5,4,5,545,Champions,2,0,2,0,Loyal Customers
13156,385,3,1586.54,2,3,4,234,At Risk,1,0,3,2,At-Risk Churn
15520,2,1,343.5,5,1,2,512,Promising / New,3,1,1,1,New Active
16546,291,5,5307.07,2,4,5,245,At Risk,1,0,0,2,At-Risk Churn
17380,434,3,645.0,1,3,3,133,At Risk,1,0,3,2,At-Risk Churn
13151,296,3,2465.21,2,3,4,234,At Risk,1,0,3,2,At-Risk Churn
16556,67,17,8012.58,3,5,5,355,Loyal Customers,2,0,0,0,Loyal Customers
15319,284,1,204.5,2,1,1,211,Lost / Inactive,4,1,4,1,Hibernating Low-Value
17671,16,5,2009.16,5,4,4,544,Champions,2,0,2,0,Loyal Customers
12729,114,1,453.01,3,1,2,312,Needs Attention,4,1,4,1,Hibernating Low-Value
15146,165,2,1327.16,3,2,4,324,Needs Attention,1,0,3,4,At-Risk Churn
15863,26,5,355.1,4,4,2,442,Champions,3,0,2,4,New Active
12770,211,2,3246.45,2,2,5,225,Lost / Inactive,1,0,3,3,At-Risk Churn
13145,40,7,1128.52,4,4,3,443,Champions,2,0,2,0,Loyal Customers
14097,481,2,422.86,1,2,2,122,Lost / Inactive,4,0,3,2,Hibernating Low-Value
13523,33,6,4534.57,4,4,5,445,Champions,2,0,2,0,Loyal Customers
15634,17,2,554.65,5,2,2,522,Promising / New,3,0,1,4,New Active
12471,2,79,39918.19,5,5,5,555,Champions,0,0,0,3,VIP Champions
12449,22,6,4835.89,4,4,5,445,Champions,2,0,0,0,Loyal Customers
14853,24,5,1376.87,4,4,4,444,Champions,2,0,2,0,Loyal Customers
15236,299,1,321.05,2,1,2,212,Lost / Inactive,4,1,4,1,Hibernating Low-Value
13678,152,1,232.6,3,1,1,311,Needs Attention,4,1,4,1,Hibernating Low-Value
15076,173,3,1447.74,3,3,4,334,Loyal Customers,1,0,3,4,At-Risk Churn
14113,4,16,7092.61,5,5,5,555,Champions,0,0,0,0,VIP Champions
13592,36,4,247.96,4,3,1,431,Loyal Customers,3,0,1,4,New Active
14532,236,11,3845.78,2,5,5,255,At Risk,2,0,0,0,Loyal Customers
17021,442,6,1182.22,1,4,3,143,At Risk,1,0,3,2,At-Risk Churn
12482,576,29,23691.4,1,5,5,155,At Risk,0,-1,0,3,VIP Champions
15385,40,3,942.08,4,3,3,433,Loyal Customers,3,0,2,4,New Active
17861,3,18,5088.29,5,5,5,555,Champions,0,0,0,0,VIP Champions
13045,99,3,808.92,3,3,3,333,Loyal Customers,1,0,2,4,At-Risk Churn
15205,85,2,653.24,3,2,3,323,Needs Attention,3,0,1,4,New Active
15377,383,4,1211.75,2,3,3,233,At Risk,1,0,3,2,At-Risk Churn
17714,321,5,1410.18,2,4,4,244,At Risk,1,0,3,2,At-Risk Churn
14243,9,17,7217.75,5,5,5,555,Champions,0,0,0,0,VIP Champions
16844,563,2,614.34,1,3,3,133,At Risk,1,0,3,2,At-Risk Churn
15714,12,5,783.96,5,4,3,543,Champions,3,0,2,0,New Active
14597,11,6,2184.63,5,4,4,544,Champions,2,0,2,0,Loyal Customers
15565,50,2,173.16,4,2,1,421,Promising / New,3,0,1,4,New Active
14970,68,12,4919.35,3,5,5,355,Loyal Customers,2,0,0,0,Loyal Customers
15901,17,7,687.72,5,4,3,543,Champions,3,0,2,0,New Active
16061,431,1,89.65,1,1,1,111,Lost / Inactive,4,1,4,1,Hibernating Low-Value
14250,7,3,1904.05,5,3,4,534,Loyal Customers,3,0,2,4,New Active
17263,208,1,63.44,2,2,1,221,Lost / Inactive,4,1,4,1,Hibernating Low-Value
16532,18,5,8756.64,5,4,5,545,Champions,2,0,0,3,Loyal Customers
17317,46,3,2600.34,4,3,4,434,Loyal Customers,2,0,2,4,Loyal Customers
12491,39,1,460.4,4,1,2,412,Promising / New,3,1,1,1,New Active
12728,71,5,1070.17,3,4,3,343,Loyal Customers,1,0,2,0,At-Risk Churn
13977,411,1,519.81,1,1,2,112,Lost / Inactive,4,1,4,1,Hibernating Low-Value
13379,26,3,572.56,4,3,2,432,Loyal Customers,3,0,2,4,New Active
15589,256,3,478.53,2,3,2,232,At Risk,1,0,3,2,At-Risk Churn
12468,188,5,3670.74,3,4,5,345,Loyal Customers,1,0,2,2,At-Risk Churn
12960,414,4,1322.07,1,3,4,134,At Risk,1,0,3,2,At-Risk Churn
16541,735,1,424.03,1,1,2,112,Lost / Inactive,4,1,4,1,Hibernating Low-Value
15029,620,1,365.1,1,1,2,112,Lost / Inactive,4,1,4,1,Hibernating Low-Value
12766,4,9,8918.99,5,5,5,555,Champions,0,0,0,0,VIP Champions
14537,58,2,641.4,4,2,3,423,Promising / New,3,0,2,4,New Active
14560,7,44,6114.03,5,5,5,555,Champions,0,0,0,3,VIP Champions
17540,25,6,1590.6,4,4,4,444,Champions,2,0,2,0,Loyal Customers
17704,169,2,885.19,3,3,3,333,Loyal Customers,1,0,3,4,At-Risk Churn
16608,454,2,1286.62,1,2,4,124,Lost / Inactive,1,0,3,2,At-Risk Churn
17363,395,3,920.46,2,3,3,233,At Risk,1,0,3,2,At-Risk Churn
14749,480,1,310.15,1,1,2,112,Lost / Inactive,4,1,4,1,Hibernating Low-Value
16157,16,3,656.69,5,3,3,533,Loyal Customers,3,0,2,4,New Active
13432,571,2,439.1,1,2,2,122,Lost / Inactive,4,0,3,2,Hibernating Low-Value
12595,505,1,299.02,1,1,2,112,Lost / Inactive,4,1,4,1,Hibernating Low-Value
17703,35,4,1094.84,4,4,3,443,Champions,3,0,2,0,New Active
16254,378,3,967.44,2,3,3,233,At Risk,1,0,3,2,At-Risk Churn
12795,19,1,430.48,5,1,2,512,Promising / New,3,1,1,1,New Active
13230,4,30,6120.01,5,5,5,555,Champions,0,0,0,3,VIP Champions
15915,402,1,364.45,2,1,2,212,Lost / Inactive,4,1,4,1,Hibernating Low-Value
13502,17,5,780.5,5,4,3,543,Champions,3,0,2,0,New Active
14811,387,1,170.5,2,1,1,211,Lost / Inactive,4,1,4,1,Hibernating Low-Value
15195,3,1,3861.0,5,1,5,515,Promising / New,3,-1,2,1,New Active
15786,46,5,8501.62,4,4,5,445,Champions,2,0,0,3,Loyal Customers
17374,219,3,727.11,2,3,3,233,At Risk,1,0,3,2,At-Risk Churn
17426,8,13,8077.77,5,5,5,555,Champions,0,0,0,0,VIP Champions
14929,32,2,836.69,4,2,3,423,Promising / New,3,0,2,4,New Active
15604,52,1,216.39,4,1,1,411,Promising / New,3,1,1,1,New Active
14668,445,1,111.63,1,1,1,111,Lost / Inactive,4,1,4,1,Hibernating Low-Value
12762,8,2,1898.52,5,2,4,524,Promising / New,3,0,2,4,New Active
13159,9,4,1429.35,5,3,4,534,Loyal Customers,3,0,2,0,New Active
17954,5,19,3804.38,5,5,5,555,Champions,0,0,0,0,VIP Champions
17890,323,2,586.89,2,3,2,232,At Risk,1,0,3,2,At-Risk Churn
13216,268,1,333.74,2,1,2,212,Lost / Inactive,4,1,4,1,Hibernating Low-Value
13634,33,16,5033.77,4,5,5,455,Champions,2,0,0,0,Loyal Customers
16441,67,5,1019.13,3,4,3,343,Loyal Customers,1,0,2,0,At-Risk Churn
14059,267,1,183.6,2,1,1,211,Lost / Inactive,4,1,4,1,Hibernating Low-Value
14229,52,7,2594.04,4,4,4,444,Champions,2,0,0,0,Loyal Customers
14598,44,2,384.04,4,2,2,422,Promising / New,3,0,1,4,New Active
12938,26,1,114.14,4,1,1,411,Promising / New,3,1,1,1,New Active
16493,80,7,2132.09,3,4,4,344,Loyal Customers,2,0,2,0,Loyal Customers
14602,656,1,205.36,1,1,1,111,Lost / Inactive,4,1,4,1,Hibernating Low-Value
18128,537,1,399.29,1,2,2,122,Lost / Inactive,4,1,4,1,Hibernating Low-Value
13847,720,1,310.72,1,1,2,112,Lost / Inactive,4,1,4,1,Hibernating Low-Value
18081,36,3,343.45,4,3,2,432,Loyal Customers,3,0,1,4,New Active
15328,408,1,107.24,2,1,1,211,Lost / Inactive,4,1,4,1,Hibernating Low-Value
14484,50,4,1070.98,4,3,3,433,Loyal Customers,3,0,2,0,New Active
14106,737,1,214.8,1,1,1,111,Lost / Inactive,4,1,4,1,Hibernating Low-Value
17911,9,1,366.23,5,2,2,522,Promising / New,3,1,1,1,New Active
16170,51,20,6869.0,4,5,5,455,Champions,2,0,0,0,Loyal Customers
12555,682,1,129.23,1,1,1,111,Lost / Inactive,4,1,4,1,Hibernating Low-Value
15964,663,1,269.21,1,1,1,111,Lost / Inactive,4,1,4,1,Hibernating Low-Value
16584,80,5,3156.17,3,4,5,345,Loyal Customers,2,0,2,0,Loyal Customers
12773,564,1,124.25,1,1,1,111,Lost / Inactive,4,1,4,1,Hibernating Low-Value
17354,51,4,3133.96,4,4,5,445,Champions,2,0,2,4,Loyal Customers
13358,269,1,439.03,2,1,2,212,Lost / Inactive,4,1,4,1,Hibernating Low-Value
17571,50,5,1630.91,4,4,4,444,Champions,2,0,2,0,Loyal Customers
13279,78,1,137.75,3,1,1,311,Needs Attention,4,1,1,1,Hibernating Low-Value
17909,737,1,110.05,1,2,1,121,Lost / Inactive,4,1,4,1,Hibernating Low-Value
13062,191,1,346.98,2,1,2,212,Lost / Inactive,4,1,4,1,Hibernating Low-Value
15643,192,3,664.0,2,3,3,233,At Risk,1,0,3,2,At-Risk Churn
15966,451,1,426.53,1,1,2,112,Lost / Inactive,4,1,4,1,Hibernating Low-Value
13965,477,3,996.61,1,3,3,133,At Risk,1,0,3,2,At-Risk Churn
14641,22,1,110.46,4,1,1,411,Promising / New,3,1,1,1,New Active
16000,3,3,12393.7,5,3,5,535,Loyal Customers,2,-1,0,3,Loyal Customers
15411,26,4,1348.93,4,3,4,434,Loyal Customers,3,0,2,0,New Active
15075,78,1,773.03,3,1,3,313,Needs Attention,3,1,1,1,New Active
13844,11,1,361.62,5,1,2,512,Promising / New,3,1,1,1,New Active
15289,29,5,1593.09,4,4,4,444,Champions,2,0,2,0,Loyal Customers
15711,557,2,420.25,1,2,2,122,Lost / Inactive,4,0,3,2,Hibernating Low-Value
15284,500,1,24.75,1,1,1,111,Lost / Inactive,4,1,4,1,Hibernating Low-Value
12785,364,3,1100.4,2,3,3,233,At Risk,1,0,3,2,At-Risk Churn
16829,157,2,513.32,3,2,2,322,Needs Attention,1,0,1,4,At-Risk Churn
15061,4,127,126389.02,5,5,5,555,Champions,0,-1,0,3,VIP Champions
12454,56,5,16679.78,4,4,5,445,Champions,2,-1,0,3,Loyal Customers
12375,11,2,457.5,5,2,2,522,Promising / New,3,0,1,4,New Active
17037,88,1,1267.32,3,2,4,324,Needs Attention,1,1,1,1,At-Risk Churn
15497,18,9,8657.39,5,5,5,555,Champions,2,0,0,0,Loyal Customers
15389,172,5,2733.8,3,4,4,344,Loyal Customers,1,0,2,0,At-Risk Churn
17900,190,2,112.2,2,3,1,231,At Risk,4,0,1,4,Hibernating Low-Value
12933,24,8,1636.63,4,4,4,444,Champions,2,0,2,0,Loyal Customers
18165,177,1,302.46,3,2,2,322,Needs Attention,4,1,4,1,Hibernating Low-Value
15700,172,2,696.68,3,2,3,323,Needs Attention,1,0,3,4,At-Risk Churn
17162,29,10,1715.46,4,5,4,454,Champions,2,0,2,0,Loyal Customers
15899,369,1,56.25,2,1,1,211,Lost / Inactive,4,1,4,1,Hibernating Low-Value
16697,241,1,112.75,2,2,1,221,Lost / Inactive,4,1,4,1,Hibernating Low-Value
17415,80,1,507.84,3,2,2,322,Needs Attention,3,1,1,1,New Active
13106,133,2,603.46,3,2,2,322,Needs Attention,1,0,1,4,At-Risk Churn
17624,15,4,1568.63,5,4,4,544,Champions,3,0,2,0,New Active
13115,12,10,5494.7,5,5,5,555,Champions,2,0,0,0,Loyal Customers
16721,262,1,292.47,2,2,2,222,Lost / Inactive,4,1,4,1,Hibernating Low-Value
17854,185,6,1068.5,3,4,3,343,Loyal Customers,1,0,3,0,At-Risk Churn
15156,1,3,961.49,5,3,3,533,Loyal Customers,3,0,2,4,New Active
18160,57,3,1003.88,4,3,3,433,Loyal Customers,3,0,2,4,New Active
17542,270,3,340.85,2,3,2,232,At Risk,4,0,3,2,Hibernating Low-Value
13317,66,19,6486.09,3,5,5,355,Loyal Customers,2,0,0,0,Loyal Customers
13558,6,4,594.52,5,3,2,532,Loyal Customers,3,0,2,4,New Active
13903,400,1,165.45,2,1,1,211,Lost / Inactive,4,1,4,1,Hibernating Low-Value
15605,36,9,1741.95,4,5,4,454,Champions,2,0,2,0,Loyal Customers
17508,281,8,4579.23,2,5,5,255,At Risk,1,0,0,0,At-Risk Churn
16122,73,6,895.62,3,4,3,343,Loyal Customers,1,0,2,0,At-Risk Churn
17835,3,3,342.24,5,3,2,532,Loyal Customers,3,0,1,4,New Active
13405,74,6,1213.81,3,4,3,343,Loyal Customers,2,0,2,0,Loyal Customers
12437,2,39,12683.4,5,5,5,555,Champions,0,0,0,3,VIP Champions
13097,33,28,13324.1,4,5,5,455,Champions,0,0,0,0,VIP Champions
13899,16,2,388.52,5,2,2,522,Promising / New,3,0,1,4,New Active
13241,412,1,112.53,1,1,1,111,Lost / Inactive,4,1,4,1,Hibernating Low-Value
18014,28,1,162.22,4,2,1,421,Promising / New,3,1,1,1,New Active
12973,414,1,385.55,1,1,2,112,Lost / Inactive,4,1,4,1,Hibernating Low-Value
12416,657,1,202.56,1,1,1,111,Lost / Inactive,4,1,4,1,Hibernating Low-Value
13761,50,6,1952.17,4,4,4,444,Champions,2,0,2,0,Loyal Customers
15731,554,1,125.3,1,1,1,111,Lost / Inactive,4,1,4,1,Hibernating Low-Value
16763,199,2,964.7,2,2,3,223,Lost / Inactive,1,0,3,4,At-Risk Churn
13245,51,2,989.22,4,2,3,423,Promising / New,3,0,2,4,New Active
12640,24,3,1174.58,4,3,3,433,Loyal Customers,3,0,2,4,New Active
18032,334,1,73.5,2,2,1,221,Lost / Inactive,4,1,4,1,Hibernating Low-Value
12793,335,3,885.53,2,3,3,233,At Risk,1,0,3,2,At-Risk Churn
12816,96,2,572.2,3,2,2,322,Needs Attention,3,0,1,4,New Active
17247,15,1,280.09,5,2,1,521,Promising / New,3,1,1,1,New Active
15417,85,1,508.8,3,1,2,312,Needs Attention,3,1,1,1,New Active
14393,218,1,67.95,2,1,1,211,Lost / Inactive,4,1,4,1,Hibernating Low-Value
18110,20,2,392.28,4,3,2,432,Loyal Customers,3,0,1,4,New Active
15785,33,16,5969.93,4,5,5,455,Champions,2,0,0,0,Loyal Customers
16679,366,3,663.31,2,3,3,233,At Risk,1,0,3,2,At-Risk Churn
12926,411,4,1523.97,1,3,4,134,At Risk,1,0,3,2,At-Risk Churn
14462,66,12,2242.81,3,5,4,354,Loyal Customers,2,0,0,0,Loyal Customers
12592,92,5,2582.66,3,4,4,344,Loyal Customers,2,0,2,0,Loyal Customers
16488,33,3,498.8,4,3,2,432,Loyal Customers,3,0,2,4,New Active
12715,106,1,343.36,3,1,2,312,Needs Attention,4,1,1,1,Hibernating Low-Value
15545,54,2,288.97,4,2,2,422,Promising / New,3,0,1,4,New Active
16016,3,11,2083.4,5,5,4,554,Champions,2,0,2,0,Loyal Customers
16200,4,12,5608.1,5,5,5,555,Champions,0,0,0,0,VIP Champions
17880,365,3,824.92,2,3,3,233,At Risk,1,0,3,2,At-Risk Churn
13931,96,11,5257.38,3,5,5,355,Loyal Customers,2,0,0,0,Loyal Customers
18220,227,6,1921.76,2,4,4,244,At Risk,1,0,3,0,At-Risk Churn
16747,38,2,836.06,4,2,3,423,Promising / New,3,0,2,4,New Active
13580,406,1,107.75,2,1,1,211,Lost / Inactive,4,1,4,1,Hibernating Low-Value
16670,17,20,8030.15,5,5,5,555,Champions,0,0,0,0,VIP Champions
16773,57,3,421.24,4,3,2,432,Loyal Customers,3,0,1,4,New Active
13945,395,2,854.15,2,2,3,223,Lost / Inactive,1,0,3,2,At-Risk Churn
12904,18,2,496.06,5,2,2,522,Promising / New,3,0,1,4,New Active
14452,11,4,658.95,5,3,3,533,Loyal Customers,3,0,2,4,New Active
17981,411,1,239.12,1,2,1,121,Lost / Inactive,4,1,4,1,Hibernating Low-Value
15154,75,3,1343.72,3,3,4,334,Loyal Customers,1,0,2,4,At-Risk Churn
16839,9,44,21758.25,5,5,5,555,Champions,0,0,0,3,VIP Champions
14414,92,8,2399.33,3,4,4,344,Loyal Customers,2,0,2,0,Loyal Customers
14180,11,33,6117.5,5,5,5,555,Champions,0,0,0,3,VIP Champions
15759,218,7,830.93,2,4,3,243,At Risk,1,0,3,0,At-Risk Churn
17988,12,14,489.54,5,5,2,552,Champions,2,-1,2,3,Loyal Customers
17110,165,3,499.9,3,3,2,332,Loyal Customers,1,0,1,4,At-Risk Churn
17879,174,1,178.52,3,2,1,321,Needs Attention,4,1,4,1,Hibernating Low-Value
12498,21,3,403.7,4,3,2,432,Loyal Customers,3,0,1,4,New Active
13547,408,1,167.08,2,1,1,211,Lost / Inactive,4,1,4,1,Hibernating Low-Value
14309,8,11,3780.81,5,5,5,555,Champions,2,0,0,0,Loyal Customers
15971,18,18,5902.83,5,5,5,555,Champions,0,0,0,0,VIP Champions
16513,5,4,874.59,5,4,3,543,Champions,3,0,2,4,New Active
15816,542,2,144.15,1,2,1,121,Lost / Inactive,4,0,4,2,Hibernating Low-Value
15054,12,2,302.1,5,2,2,522,Promising / New,3,0,1,4,New Active
15924,731,1,102.82,1,1,1,111,Lost / Inactive,4,1,4,1,Hibernating Low-Value
13685,3,7,3119.44,5,4,5,545,Champions,2,0,2,0,Loyal Customers
15301,51,17,6909.67,4,5,5,455,Champions,2,0,0,0,Loyal Customers
13534,2,35,7720.9,5,5,5,555,Champions,0,0,0,3,VIP Champions
17047,85,6,2289.23,3,4,4,344,Loyal Customers,2,0,2,0,Loyal Customers
13098,1,28,28882.44,5,5,5,555,Champions,0,0,0,3,VIP Champions
15018,39,3,496.21,4,3,2,432,Loyal Customers,3,0,2,4,New Active
16862,547,4,662.33,1,4,3,143,At Risk,1,0,3,2,At-Risk Churn
13407,579,3,2244.7,1,3,4,134,At Risk,1,0,3,2,At-Risk Churn
16590,401,2,605.9,2,2,2,222,Lost / Inactive,1,0,3,2,At-Risk Churn
16255,17,15,4530.0,5,5,5,555,Champions,2,0,0,0,Loyal Customers
13934,264,1,922.1,2,1,3,213,Lost / Inactive,1,1,3,1,At-Risk Churn
18200,106,1,150.35,3,2,1,321,Needs Attention,4,1,1,1,Hibernating Low-Value
14037,176,6,836.95,3,4,3,343,Loyal Customers,1,0,3,0,At-Risk Churn
12839,3,26,9669.12,5,5,5,555,Champions,0,0,0,0,VIP Champions
17437,530,1,369.68,1,2,2,122,Lost / Inactive,4,1,4,1,Hibernating Low-Value
15331,500,3,767.91,1,3,3,133,At Risk,1,0,3,2,At-Risk Churn
12819,458,1,540.52,1,1,2,112,Lost / Inactive,4,1,4,1,Hibernating Low-Value
16466,34,15,3767.09,4,5,5,455,Champions,2,0,0,0,Loyal Customers
16759,8,3,789.79,5,3,3,533,Loyal Customers,3,0,2,4,New Active
15955,24,22,8085.98,4,5,5,455,Champions,0,0,0,0,VIP Champions
14994,382,5,946.72,2,4,3,243,At Risk,1,0,3,2,At-Risk Churn
14777,404,1,307.56,2,1,2,212,Lost / Inactive,4,1,4,1,Hibernating Low-Value
17359,11,2,284.46,5,3,1,531,Loyal Customers,3,0,1,4,New Active
12701,80,6,2446.41,3,4,4,344,Loyal Customers,2,0,2,0,Loyal Customers
12598,10,11,4534.09,5,5,5,555,Champions,2,0,0,0,Loyal Customers
12532,30,1,349.83,4,1,2,412,Promising / New,3,1,1,1,New Active
16784,20,5,892.33,4,4,3,443,Champions,3,0,2,0,New Active
13454,641,1,219.87,1,1,1,111,Lost / Inactive,4,1,4,1,Hibernating Low-Value
14377,191,2,617.05,2,2,3,223,Lost / Inactive,1,0,3,4,At-Risk Churn
15805,23,30,10148.93,4,5,5,455,Champions,0,0,0,0,VIP Champions
12574,316,1,218.45,2,1,1,211,Lost / Inactive,4,1,4,1,Hibernating Low-Value
17062,314,6,889.75,2,4,3,243,At Risk,1,0,3,2,At-Risk Churn
13536,1,7,3444.39,5,4,5,545,Champions,2,0,2,0,Loyal Customers
16314,390,3,1491.4,2,3,4,234,At Risk,1,0,3,2,At-Risk Churn
13233,74,4,1176.46,3,3,3,333,Loyal Customers,1,0,2,0,At-Risk Churn
15744,78,1,34.8,3,1,1,311,Needs Attention,4,1,1,1,Hibernating Low-Value
14697,218,2,188.61,2,2,1,221,Lost / Inactive,4,0,1,2,Hibernating Low-Value
17757,1,56,9074.05,5,5,5,555,Champions,0,0,0,3,VIP Champions
13929,169,11,3494.1,3,5,5,355,Loyal Customers,2,0,0,0,Loyal Customers
15467,9,3,524.88,5,3,2,532,Loyal Customers,3,0,2,4,New Active
17797,22,8,1971.87,4,5,4,454,Champions,2,0,2,0,Loyal Customers
13851,96,8,4606.46,3,4,5,345,Loyal Customers,2,0,0,0,Loyal Customers
15931,428,1,239.9,1,1,1,111,Lost / Inactive,4,1,4,1,Hibernating Low-Value
16067,563,3,3269.11,1,3,5,135,At Risk,1,0,3,2,At-Risk Churn
16082,670,1,106.75,1,1,1,111,Lost / Inactive,4,1,4,1,Hibernating Low-Value
12639,239,3,1312.37,2,3,4,234,At Risk,1,0,3,2,At-Risk Churn
14587,19,9,1580.29,5,5,4,554,Champions,2,0,2,0,Loyal Customers
12898,464,2,296.21,1,2,2,122,Lost / Inactive,4,0,3,2,Hibernating Low-Value
16696,135,4,657.9,3,4,3,343,Loyal Customers,1,0,3,0,At-Risk Churn
13489,105,4,449.52,3,3,2,332,Loyal Customers,1,0,1,4,At-Risk Churn
13812,42,3,539.0,4,3,2,432,Loyal Customers,3,0,2,4,New Active
16044,435,1,340.84,1,1,2,112,Lost / Inactive,4,1,4,1,Hibernating Low-Value
17895,44,1,95.45,4,2,1,421,Promising / New,4,1,1,1,Hibernating Low-Value
17627,479,1,296.36,1,2,2,122,Lost / Inactive,4,1,4,1,Hibernating Low-Value
13871,23,17,7885.85,4,5,5,455,Champions,0,0,0,0,VIP Champions
17791,30,1,106.1,4,2,1,421,Promising / New,3,1,1,1,New Active
14065,389,3,891.02,2,3,3,233,At Risk,1,0,3,2,At-Risk Churn
15739,66,1,449.12,3,1,2,312,Needs Attention,3,1,1,1,New Active
17869,107,7,813.64,3,4,3,343,Loyal Customers,1,0,3,0,At-Risk Churn
17106,389,1,481.58,2,2,2,222,Lost / Inactive,4,1,4,1,Hibernating Low-Value
16914,36,1,183.76,4,2,1,421,Promising / New,3,1,1,1,New Active
16539,3,10,3289.66,5,5,5,555,Champions,2,0,2,0,Loyal Customers
14965,96,2,596.09,3,2,2,322,Needs Attention,3,0,1,4,New Active
15302,730,1,308.0,1,1,2,112,Lost / Inactive,4,1,4,1,Hibernating Low-Value
16471,275,4,1189.98,2,4,3,243,At Risk,1,0,3,2,At-Risk Churn
13923,54,1,351.13,4,1,2,412,Promising / New,3,1,1,1,New Active
13573,50,6,904.52,4,4,3,443,Champions,2,0,2,0,Loyal Customers
17953,540,1,159.17,1,2,1,121,Lost / Inactive,4,1,4,1,Hibernating Low-Value
14515,18,12,3724.06,5,5,5,555,Champions,2,0,0,0,Loyal Customers
12962,7,2,266.39,5,2,1,521,Promising / New,3,0,1,4,New Active
14361,579,1,214.71,1,1,1,111,Lost / Inactive,4,1,4,1,Hibernating Low-Value
14111,14,4,692.85,5,3,3,533,Loyal Customers,3,0,2,4,New Active
13433,501,4,658.32,1,3,3,133,At Risk,1,0,3,2,At-Risk Churn
16286,477,2,328.95,1,2,2,122,Lost / Inactive,4,0,3,2,Hibernating Low-Value
17323,15,12,1551.04,5,5,4,554,Champions,2,0,2,0,Loyal Customers
15404,376,1,257.06,2,1,1,211,Lost / Inactive,4,1,4,1,Hibernating Low-Value
15039,10,93,39141.48,5,5,5,555,Champions,0,-1,0,3,VIP Champions
12853,135,11,3907.5,3,5,5,355,Loyal Customers,2,0,0,0,Loyal Customers
13764,71,6,2919.62,3,4,5,345,Loyal Customers,2,0,0,0,Loyal Customers
18154,3,5,932.6,5,4,3,543,Champions,3,0,2,0,New Active
13549,26,8,1005.8,4,4,3,443,Champions,2,0,2,0,Loyal Customers
16999,23,2,484.82,4,3,2,432,Loyal Customers,3,0,1,4,New Active
15386,186,1,394.14,3,1,2,312,Needs Attention,4,1,4,1,Hibernating Low-Value
14642,59,1,96.12,4,1,1,411,Promising / New,4,1,1,1,Hibernating Low-Value
17884,4,20,2698.47,5,5,4,554,Champions,0,0,0,0,VIP Champions
16062,10,8,2863.45,5,5,4,554,Champions,2,0,0,0,Loyal Customers
17977,29,2,1511.45,4,3,4,434,Loyal Customers,3,0,2,4,New Active
12453,134,1,707.09,3,1,3,313,Needs Attention,4,1,4,1,Hibernating Low-Value
17346,4,26,4998.61,5,5,5,555,Champions,0,0,0,0,VIP Champions
15212,241,2,208.28,2,2,1,221,Lost / Inactive,4,0,1,2,Hibernating Low-Value
17316,420,1,124.45,1,2,1,121,Lost / Inactive,4,1,4,1,Hibernating Low-Value
14464,568,2,111.0,1,2,1,121,Lost / Inactive,4,0,4,2,Hibernating Low-Value
16483,192,1,139.35,2,1,1,211,Lost / Inactive,4,1,4,1,Hibernating Low-Value
13544,40,6,790.2,4,4,3,443,Champions,3,0,2,0,New Active
13481,46,11,3830.84,4,5,5,455,Champions,2,0,0,0,Loyal Customers
18068,289,1,101.7,2,2,1,221,Lost / Inactive,4,1,4,1,Hibernating Low-Value
13443,449,6,1273.16,1,4,4,144,At Risk,1,0,3,2,At-Risk Churn
16104,62,9,2774.46,3,5,4,354,Loyal Customers,2,0,0,0,Loyal Customers
16092,115,6,1587.94,3,4,4,344,Loyal Customers,1,0,3,0,At-Risk Churn
16882,67,3,705.12,3,3,3,333,Loyal Customers,3,0,2,4,New Active
17498,76,1,272.22,3,2,1,321,Needs Attention,4,1,1,1,Hibernating Low-Value
16641,106,2,554.5,3,2,2,322,Needs Attention,1,0,1,4,At-Risk Churn
16941,612,1,33.0,1,2,1,121,Lost / Inactive,4,1,4,1,Hibernating Low-Value
15412,171,1,190.53,3,1,1,311,Needs Attention,4,1,4,1,Hibernating Low-Value
17413,405,2,560.14,2,3,2,232,At Risk,1,0,3,2,At-Risk Churn
15699,18,1,309.65,5,1,2,512,Promising / New,3,1,1,1,New Active
13533,183,3,269.09,3,3,1,331,Loyal Customers,4,0,1,4,Hibernating Low-Value
16246,460,2,821.35,1,2,3,123,Lost / Inactive,1,0,3,2,At-Risk Churn
15428,15,4,762.75,5,3,3,533,Loyal Customers,3,0,2,4,New Active
13414,134,6,2494.14,3,4,4,344,Loyal Customers,1,0,2,0,At-Risk Churn
12764,317,1,1693.88,2,1,4,214,Lost / Inactive,1,1,3,1,At-Risk Churn
13040,9,2,676.99,5,2,3,523,Promising / New,3,0,2,4,New Active
16271,3,10,3397.82,5,5,5,555,Champions,2,0,2,0,Loyal Customers
13531,205,6,1433.07,2,4,4,244,At Risk,1,0,3,0,At-Risk Churn
12913,5,13,6283.24,5,5,5,555,Champions,0,0,0,0,VIP Champions
12826,3,12,2800.75,5,5,4,554,Champions,2,0,2,0,Loyal Customers
15822,3,6,1840.06,5,4,4,544,Champions,2,0,2,0,Loyal Customers
17699,477,2,442.0,1,3,2,132,At Risk,4,0,3,2,Hibernating Low-Value
12526,1,3,1316.66,5,3,4,534,Loyal Customers,3,0,2,4,New Active
15045,152,2,735.66,3,2,3,323,Needs Attention,1,0,3,4,At-Risk Churn
12489,336,1,334.93,2,1,2,212,Lost / Inactive,4,1,4,1,Hibernating Low-Value
16710,19,22,5921.35,5,5,5,555,Champions,0,0,0,0,VIP Champions
18280,278,2,488.15,2,3,2,232,At Risk,4,0,3,2,Hibernating Low-Value
18219,3,17,3352.7,5,5,5,555,Champions,0,0,0,0,VIP Champions
15040,542,1,7.49,1,1,1,111,Lost / Inactive,4,1,4,1,Hibernating Low-Value
15884,432,2,244.6,1,2,1,121,Lost / Inactive,4,0,4,2,Hibernating Low-Value
17392,307,3,585.92,2,3,2,232,At Risk,1,0,3,2,At-Risk Churn
12954,639,1,162.45,1,1,1,111,Lost / Inactive,4,1,4,1,Hibernating Low-Value
15642,730,1,105.78,1,1,1,111,Lost / Inactive,4,1,4,1,Hibernating Low-Value
14411,311,1,1063.0,2,1,3,213,Lost / Inactive,1,1,3,1,At-Risk Churn
15789,358,6,1962.01,2,4,4,244,At Risk,1,0,3,2,At-Risk Churn
12440,462,2,859.2,1,2,3,123,Lost / Inactive,1,0,3,2,At-Risk Churn
15542,512,3,855.71,1,3,3,133,At Risk,1,0,3,2,At-Risk Churn
17706,4,31,20272.15,5,5,5,555,Champions,0,0,0,3,VIP Champions
12845,267,4,354.09,2,3,2,232,At Risk,1,0,3,2,At-Risk Churn
16741,625,1,173.06,1,2,1,121,Lost / Inactive,4,1,4,1,Hibernating Low-Value
14789,29,1,197.64,4,1,1,411,Promising / New,3,1,1,1,New Active
15630,45,3,1481.4,4,3,4,434,Loyal Customers,3,0,2,4,New Active
17440,157,4,323.58,3,4,2,342,Loyal Customers,1,0,1,4,At-Risk Churn
17788,74,2,1117.9,3,3,3,333,Loyal Customers,3,0,2,4,New Active
17572,71,10,652.21,3,5,3,353,Loyal Customers,2,0,2,0,Loyal Customers
13071,612,1,129.22,1,1,1,111,Lost / Inactive,4,1,4,1,Hibernating Low-Value
15135,239,2,305.68,2,2,2,222,Lost / Inactive,4,0,1,2,Hibernating Low-Value
16318,35,1,328.15,4,1,2,412,Promising / New,3,1,1,1,New Active
16574,71,3,1301.78,3,3,4,334,Loyal Customers,1,0,2,4,At-Risk Churn
16561,6,2,511.12,5,2,2,522,Promising / New,3,0,2,4,New Active
15053,5,3,693.95,5,3,3,533,Loyal Customers,3,0,2,4,New Active
12820,3,11,2689.52,5,5,4,554,Champions,2,0,2,0,Loyal Customers
15706,64,4,1060.56,3,3,3,333,Loyal Customers,1,0,2,0,At-Risk Churn
17395,508,1,97.5,1,2,1,121,Lost / Inactive,4,1,4,1,Hibernating Low-Value
17010,18,1,195.36,5,2,1,521,Promising / New,3,1,1,1,New Active
14286,24,7,8479.76,4,4,5,445,Champions,2,0,0,3,Loyal Customers
14637,677,1,106.68,1,1,1,111,Lost / Inactive,4,1,4,1,Hibernating Low-Value
12457,66,8,2995.91,3,4,5,345,Loyal Customers,2,0,0,0,Loyal Customers
12821,214,2,220.8,2,2,1,221,Lost / Inactive,4,0,1,2,Hibernating Low-Value
15862,8,13,2512.29,5,5,4,554,Champions,2,0,0,0,Loyal Customers
14892,691,1,202.35,1,1,1,111,Lost / Inactive,4,1,4,1,Hibernating Low-Value
16213,79,1,159.0,3,1,1,311,Needs Attention,4,1,1,1,Hibernating Low-Value
16832,184,5,417.61,3,4,2,342,Loyal Customers,1,0,3,2,At-Risk Churn
14483,282,2,257.1,2,2,1,221,Lost / Inactive,4,0,1,2,Hibernating Low-Value
18257,39,12,4600.15,4,5,5,455,Champions,2,0,0,0,Loyal Customers
13080,179,4,280.73,3,3,1,331,Loyal Customers,1,0,1,2,At-Risk Churn
17135,16,10,1722.18,5,5,4,554,Champions,2,0,2,0,Loyal Customers
16165,505,1,79.9,1,1,1,111,Lost / Inactive,4,1,4,1,Hibernating Low-Value
14391,577,1,135.6,1,1,1,111,Lost / Inactive,4,1,4,1,Hibernating Low-Value
12619,16,10,3781.38,5,5,5,555,Champions,2,0,0,0,Loyal Customers
17496,359,4,1412.89,2,4,4,244,At Risk,1,0,3,2,At-Risk Churn
13248,125,2,465.68,3,2,2,322,Needs Attention,1,0,1,4,At-Risk Churn
16840,603,2,139.85,1,3,1,131,At Risk,4,0,4,2,Hibernating Low-Value
13820,418,3,652.75,1,3,3,133,At Risk,1,0,3,2,At-Risk Churn
12683,4,21,11633.7,5,5,5,555,Champions,0,0,0,0,VIP Champions
17556,206,2,300.67,2,3,2,232,At Risk,4,0,1,2,Hibernating Low-Value
17933,632,1,114.69,1,2,1,121,Lost / Inactive,4,1,4,1,Hibernating Low-Value
13449,24,1,291.88,4,1,2,412,Promising / New,3,1,1,1,New Active
14255,546,1,1000.63,1,1,3,113,Lost / Inactive,1,1,4,1,At-Risk Churn
12974,198,2,408.95,2,2,2,222,Lost / Inactive,4,0,1,4,Hibernating Low-Value
13665,386,3,1711.66,2,3,4,234,At Risk,1,0,3,2,At-Risk Churn
16448,198,2,361.12,2,2,2,222,Lost / Inactive,4,0,1,4,Hibernating Low-Value
17621,21,6,3175.12,4,4,5,445,Champions,2,0,2,0,Loyal Customers
14551,18,7,878.09,5,4,3,543,Champions,2,0,2,0,Loyal Customers
13818,430,1,61.28,1,1,1,111,Lost / Inactive,4,1,4,1,Hibernating Low-Value
16626,1,17,4413.1,5,5,5,555,Champions,0,0,2,0,VIP Champions
15443,2,14,5114.23,5,5,5,555,Champions,0,0,2,0,VIP Champions
12834,283,1,312.38,2,1,2,212,Lost / Inactive,4,1,4,1,Hibernating Low-Value
14086,463,1,39.95,1,1,1,111,Lost / Inactive,4,1,4,1,Hibernating Low-Value
14871,3,9,1228.17,5,5,4,554,Champions,2,0,2,0,Loyal Customers
13074,511,4,1378.74,1,3,4,134,At Risk,1,0,3,2,At-Risk Churn
13116,138,1,501.14,3,1,2,312,Needs Attention,4,1,4,1,Hibernating Low-Value
12633,59,7,5678.16,4,4,5,445,Champions,2,0,0,0,Loyal Customers
18180,5,6,1843.75,5,4,4,544,Champions,2,0,2,0,Loyal Customers
17230,264,18,9388.49,2,5,5,255,At Risk,2,0,0,0,Loyal Customers
15543,288,2,242.26,2,2,1,221,Lost / Inactive,4,0,1,2,Hibernating Low-Value
12654,11,5,601.98,5,4,2,542,Champions,3,0,2,0,New Active
14347,737,1,82.6,1,1,1,111,Lost / Inactive,4,1,4,1,Hibernating Low-Value
15554,278,1,217.2,2,1,1,211,Lost / Inactive,4,1,4,1,Hibernating Low-Value
12601,190,6,681.26,2,4,3,243,At Risk,1,0,3,2,At-Risk Churn
14601,11,1,213.96,5,1,1,511,Promising / New,3,1,1,1,New Active
15391,584,1,289.87,1,1,2,112,Lost / Inactive,4,1,4,1,Hibernating Low-Value
16968,4,2,439.43,5,3,2,532,Loyal Customers,3,0,1,4,New Active
15431,503,1,153.24,1,1,1,111,Lost / Inactive,4,1,4,1,Hibernating Low-Value
15143,226,2,563.63,2,2,2,222,Lost / Inactive,1,0,3,2,At-Risk Churn
17732,373,8,2166.42,2,5,4,254,At Risk,1,0,3,0,At-Risk Churn
15936,379,2,282.79,2,2,1,221,Lost / Inactive,4,0,3,2,Hibernating Low-Value
17666,4,5,2047.8,5,4,4,544,Champions,2,0,2,0,Loyal Customers
15582,25,3,682.91,4,3,3,433,Loyal Customers,3,0,2,4,New Active
15458,25,2,370.44,4,2,2,422,Promising / New,3,0,1,4,New Active
14094,440,1,311.77,1,1,2,112,Lost / Inactive,4,1,4,1,Hibernating Low-Value
15392,5,7,2911.62,5,4,5,545,Champions,2,0,2,0,Loyal Customers
17383,4,2,304.09,5,3,2,532,Loyal Customers,3,0,1,4,New Active
17129,520,1,31.85,1,2,1,121,Lost / Inactive,4,1,4,1,Hibernating Low-Value
13382,281,5,1387.58,2,4,4,244,At Risk,1,0,3,2,At-Risk Churn
13376,99,3,1019.76,3,3,3,333,Loyal Customers,1,0,2,4,At-Risk Churn
13815,22,8,7475.74,4,4,5,445,Champions,2,0,0,0,Loyal Customers
13061,72,1,248.61,3,1,1,311,Needs Attention,4,1,1,1,Hibernating Low-Value
14122,406,3,362.42,2,3,2,232,At Risk,4,0,3,2,Hibernating Low-Value
13605,387,2,522.67,2,2,2,222,Lost / Inactive,4,0,3,2,Hibernating Low-Value
16373,382,2,309.49,2,2,2,222,Lost / Inactive,4,0,3,2,Hibernating Low-Value
16752,373,1,207.5,2,2,1,221,Lost / Inactive,4,1,4,1,Hibernating Low-Value
13087,726,1,313.64,1,1,2,112,Lost / Inactive,4,1,4,1,Hibernating Low-Value
15710,417,1,898.87,1,1,3,113,Lost / Inactive,1,1,4,1,At-Risk Churn
16808,99,2,288.42,3,2,2,322,Needs Attention,4,0,1,4,Hibernating Low-Value
16814,14,36,11924.85,5,5,5,555,Champions,0,0,0,3,VIP Champions
18011,373,2,410.79,2,3,2,232,At Risk,4,0,3,2,Hibernating Low-Value
15719,33,31,10195.97,4,5,5,455,Champions,0,0,0,0,VIP Champions
17899,159,1,154.55,3,2,1,321,Needs Attention,4,1,4,1,Hibernating Low-Value
16569,3,5,1455.23,5,4,4,544,Champions,2,0,2,0,Loyal Customers
15769,7,46,88612.52,5,5,5,555,Champions,0,-1,0,3,VIP Champions
17865,31,46,26312.19,4,5,5,455,Champions,0,0,0,3,VIP Champions
15941,637,1,405.0,1,1,2,112,Lost / Inactive,4,1,4,1,Hibernating Low-Value
18053,71,3,571.07,3,3,2,332,Loyal Customers,3,0,2,4,New Active
18281,181,2,201.14,3,3,1,331,Loyal Customers,4,0,1,4,Hibernating Low-Value
18161,15,6,1803.1,5,4,4,544,Champions,2,0,2,0,Loyal Customers
14632,263,1,114.56,2,1,1,211,Lost / Inactive,4,1,4,1,Hibernating Low-Value
17807,395,3,437.87,2,3,2,232,At Risk,1,0,3,2,At-Risk Churn
17466,10,2,763.28,5,3,3,533,Loyal Customers,3,0,2,4,New Active
12418,113,4,2021.2,3,3,4,334,Loyal Customers,1,0,2,0,At-Risk Churn
15223,226,5,1417.95,2,4,4,244,At Risk,1,0,3,2,At-Risk Churn
15108,142,4,1300.25,3,3,4,334,Loyal Customers,1,0,2,0,At-Risk Churn
18045,45,1,178.34,4,2,1,421,Promising / New,3,1,1,1,New Active
15940,311,1,35.8,2,1,1,211,Lost / Inactive,4,1,4,1,Hibernating Low-Value
15197,11,6,1877.51,5,4,4,544,Champions,2,0,2,0,Loyal Customers
17036,383,1,176.9,2,2,1,221,Lost / Inactive,4,1,4,1,Hibernating Low-Value
16367,37,3,1350.48,4,3,4,434,Loyal Customers,3,0,2,4,New Active
14436,99,2,271.7,3,2,1,321,Needs Attention,4,0,1,4,Hibernating Low-Value
13331,402,1,262.4,2,1,1,211,Lost / Inactive,4,1,4,1,Hibernating Low-Value
14726,655,1,116.5,1,1,1,111,Lost / Inactive,4,1,4,1,Hibernating Low-Value
12575,457,2,622.82,1,2,3,123,Lost / Inactive,1,0,3,2,At-Risk Churn
16507,572,1,142.71,1,1,1,111,Lost / Inactive,4,1,4,1,Hibernating Low-Value
13835,25,7,1095.27,4,4,3,443,Champions,2,0,2,0,Loyal Customers
15136,3,4,1286.7,5,3,4,534,Loyal Customers,3,0,2,0,New Active
17390,421,1,149.3,1,2,1,121,Lost / Inactive,4,1,4,1,Hibernating Low-Value
14236,81,5,1555.34,3,4,4,344,Loyal Customers,1,0,2,0,At-Risk Churn
17073,18,4,1446.09,5,4,4,544,Champions,3,0,2,0,New Active
17862,324,4,1254.89,2,4,4,244,At Risk,1,0,3,2,At-Risk Churn
16469,24,5,803.9,4,4,3,443,Champions,3,0,2,0,New Active
14479,254,4,1124.71,2,3,3,233,At Risk,1,0,3,2,At-Risk Churn
13264,443,1,722.56,1,1,3,113,Lost / Inactive,4,1,4,1,Hibernating Low-Value
12394,64,2,1272.48,3,2,4,324,Needs Attention,3,0,2,4,New Active
15163,18,2,304.47,5,2,2,522,Promising / New,3,0,1,4,New Active
17832,50,1,155.37,4,2,1,421,Promising / New,3,1,1,1,New Active
12791,374,6,863.51,2,4,3,243,At Risk,1,0,3,2,At-Risk Churn
15846,385,1,107.01,2,1,1,211,Lost / Inactive,4,1,4,1,Hibernating Low-Value
14876,521,2,256.7,1,2,1,121,Lost / Inactive,4,0,4,2,Hibernating Low-Value
16511,22,6,1760.49,4,4,4,444,Champions,2,0,2,0,Loyal Customers
16744,11,7,1291.91,5,4,4,544,Champions,2,0,2,0,Loyal Customers
17544,390,3,944.82,2,3,3,233,At Risk,1,0,3,2,At-Risk Churn
13708,271,1,285.33,2,1,1,211,Lost / Inactive,4,1,4,1,Hibernating Low-Value
16534,642,1,635.9,1,1,3,113,Lost / Inactive,4,1,4,1,Hibernating Low-Value
13199,4,67,15964.21,5,5,5,555,Champions,0,0,0,3,VIP Champions
14945,414,1,179.4,1,1,1,111,Lost / Inactive,4,1,4,1,Hibernating Low-Value
14136,401,5,1570.81,2,4,4,244,At Risk,1,0,3,2,At-Risk Churn
17997,74,8,1962.46,3,5,4,354,Loyal Customers,2,0,2,0,Loyal Customers
15009,12,3,1259.43,5,3,4,534,Loyal Customers,3,0,2,4,New Active
17901,29,3,260.08,4,3,1,431,Loyal Customers,3,0,1,4,New Active
17035,246,4,613.59,2,4,3,243,At Risk,1,0,3,2,At-Risk Churn
15227,37,9,2488.49,4,5,4,454,Champions,2,0,2,0,Loyal Customers
17311,78,6,3566.56,3,4,5,345,Loyal Customers,2,0,0,0,Loyal Customers
13127,78,1,259.17,3,1,1,311,Needs Attention,4,1,1,1,Hibernating Low-Value
17970,211,1,562.79,2,2,2,222,Lost / Inactive,4,1,4,1,Hibernating Low-Value
12530,60,9,3759.26,3,5,5,355,Loyal Customers,2,0,0,0,Loyal Customers
17322,376,5,922.59,2,4,3,243,At Risk,1,0,3,2,At-Risk Churn
16322,1,2,326.75,5,2,2,522,Promising / New,3,0,1,4,New Active
14293,3,9,2903.01,5,5,4,554,Champions,2,0,2,0,Loyal Customers
16176,421,4,2052.69,1,4,4,144,At Risk,1,0,3,2,At-Risk Churn
13084,492,1,122.4,1,1,1,111,Lost / Inactive,4,1,4,1,Hibernating Low-Value
16023,46,3,719.81,4,3,3,433,Loyal Customers,3,0,2,4,New Active
12833,145,1,417.38,3,1,2,312,Needs Attention,4,1,4,1,Hibernating Low-Value
17539,618,4,1176.84,1,4,3,143,At Risk,1,0,3,2,At-Risk Churn
12800,470,3,584.25,1,3,2,132,At Risk,1,0,3,2,At-Risk Churn
13774,82,1,345.0,3,1,2,312,Needs Attention,4,1,1,1,Hibernating Low-Value
16895,65,5,1102.9,3,4,3,343,Loyal Customers,1,0,2,0,At-Risk Churn
12376,390,2,503.15,2,2,2,222,Lost / Inactive,4,0,3,2,Hibernating Low-Value
13140,108,5,1054.92,3,4,3,343,Loyal Customers,1,0,2,0,At-Risk Churn
13554,380,7,1629.35,2,4,4,244,At Risk,1,0,3,0,At-Risk Churn
13603,26,1,164.34,4,1,1,411,Promising / New,3,1,1,1,New Active
12447,243,1,476.49,2,1,2,212,Lost / Inactive,4,1,4,1,Hibernating Low-Value
17406,333,13,4186.95,2,5,5,255,At Risk,2,0,0,0,Loyal Customers
14633,266,1,344.9,2,1,2,212,Lost / Inactive,4,1,4,1,Hibernating Low-Value
18155,75,3,371.62,3,3,2,332,Loyal Customers,3,0,1,4,New Active
17567,7,9,4838.08,5,5,5,555,Champions,2,0,0,0,Loyal Customers
17408,163,3,316.09,3,3,2,332,Loyal Customers,4,0,1,4,Hibernating Low-Value
14304,223,3,1725.01,2,3,4,234,At Risk,1,0,3,2,At-Risk Churn
13212,20,3,786.83,4,3,3,433,Loyal Customers,3,0,2,4,New Active
13255,9,3,678.76,5,3,3,533,Loyal Customers,3,0,2,4,New Active
15321,71,12,6709.73,3,5,5,355,Loyal Customers,2,0,0,0,Loyal Customers
12456,44,3,3181.04,4,3,5,435,Loyal Customers,2,0,2,4,Loyal Customers
14951,79,1,311.69,3,1,2,312,Needs Attention,4,1,1,1,Hibernating Low-Value
15877,2,2,490.33,5,2,2,522,Promising / New,3,0,1,4,New Active
17333,86,1,494.25,3,2,2,322,Needs Attention,3,1,1,1,New Active
15034,16,14,8231.2,5,5,5,555,Champions,0,0,0,0,VIP Champions
13682,187,1,59.5,3,1,1,311,Needs Attention,4,1,4,1,Hibernating Low-Value
15762,65,2,583.75,3,2,2,322,Needs Attention,3,0,1,4,New Active
18151,135,6,1879.44,3,4,4,344,Loyal Customers,1,0,2,0,At-Risk Churn
16431,213,3,623.28,2,3,3,233,At Risk,1,0,3,2,At-Risk Churn
15249,32,18,9266.0,4,5,5,455,Champions,0,0,0,0,VIP Champions
15517,233,1,267.03,2,1,1,211,Lost / Inactive,4,1,4,1,Hibernating Low-Value
16877,12,6,846.62,5,4,3,543,Champions,3,0,2,0,New Active
13460,29,2,183.44,4,2,1,421,Promising / New,3,0,1,4,New Active
14269,439,1,295.73,1,1,2,112,Lost / Inactive,4,1,4,1,Hibernating Low-Value
17932,29,3,1331.57,4,3,4,434,Loyal Customers,3,0,2,4,New Active
16114,171,1,135.75,3,1,1,311,Needs Attention,4,1,4,1,Hibernating Low-Value
13453,166,3,781.69,3,3,3,333,Loyal Customers,1,0,3,4,At-Risk Churn
13960,21,2,230.22,4,2,1,421,Promising / New,3,0,1,4,New Active
16463,21,4,1422.4,4,4,4,444,Champions,3,0,2,0,New Active
13160,22,1,91.8,4,1,1,411,Promising / New,3,1,1,1,New Active
17197,30,1,1013.01,4,2,3,423,Promising / New,3,1,2,1,New Active
13999,10,29,9502.26,5,5,5,555,Champions,0,0,0,0,VIP Champions
18195,387,1,101.16,2,2,1,221,Lost / Inactive,4,1,4,1,Hibernating Low-Value
16504,25,1,465.88,4,1,2,412,Promising / New,3,1,1,1,New Active
16538,541,3,395.07,1,3,2,132,At Risk,1,0,3,2,At-Risk Churn
18145,13,11,5609.74,5,5,5,555,Champions,2,0,0,0,Loyal Customers
18012,723,1,115.3,1,2,1,121,Lost / Inactive,4,1,4,1,Hibernating Low-Value
16317,120,5,2192.51,3,4,4,344,Loyal Customers,1,0,2,0,At-Risk Churn
16064,725,1,109.31,1,1,1,111,Lost / Inactive,4,1,4,1,Hibernating Low-Value
17417,549,1,164.18,1,2,1,121,Lost / Inactive,4,1,4,1,Hibernating Low-Value
15788,509,1,221.83,1,1,1,111,Lost / Inactive,4,1,4,1,Hibernating Low-Value
17929,11,12,3082.1,5,5,5,555,Champions,2,0,0,0,Loyal Customers
15257,283,2,685.9,2,2,3,223,Lost / Inactive,1,0,3,2,At-Risk Churn
14206,239,3,1185.01,2,3,3,233,At Risk,1,0,3,2,At-Risk Churn
13922,352,3,865.2,2,3,3,233,At Risk,1,0,3,2,At-Risk Churn
17922,543,1,170.4,1,2,1,121,Lost / Inactive,4,1,4,1,Hibernating Low-Value
18082,26,1,680.84,4,2,3,423,Promising / New,3,1,2,1,New Active
17270,469,2,601.45,1,3,2,132,At Risk,1,0,3,2,At-Risk Churn
16282,340,3,1307.58,2,3,4,234,At Risk,1,0,3,2,At-Risk Churn
14566,111,4,4092.0,3,3,5,335,Loyal Customers,1,0,2,4,At-Risk Churn
18254,581,1,267.9,1,2,1,121,Lost / Inactive,4,1,4,1,Hibernating Low-Value
16722,17,22,8189.56,5,5,5,555,Champions,0,0,0,0,VIP Champions
13180,607,1,86.1,1,1,1,111,Lost / Inactive,4,1,4,1,Hibernating Low-Value
14019,47,3,1421.61,4,3,4,434,Loyal Customers,3,0,2,4,New Active
12786,610,1,728.5,1,1,3,113,Lost / Inactive,4,1,4,1,Hibernating Low-Value
15904,8,1,164.68,5,1,1,511,Promising / New,3,1,1,1,New Active
17282,130,5,2308.54,3,4,4,344,Loyal Customers,1,0,2,0,At-Risk Churn
13783,488,4,1542.09,1,3,4,134,At Risk,1,0,3,2,At-Risk Churn
13278,41,4,1435.85,4,3,4,434,Loyal Customers,3,0,2,0,New Active
17098,382,3,591.07,2,3,2,232,At Risk,1,0,3,2,At-Risk Churn
17065,638,2,194.7,1,3,1,131,At Risk,4,0,4,2,Hibernating Low-Value
14821,367,7,1230.15,2,4,4,244,At Risk,1,0,3,0,At-Risk Churn
16777,80,5,1292.18,3,4,4,344,Loyal Customers,1,0,2,0,At-Risk Churn
16127,39,2,801.31,4,2,3,423,Promising / New,3,0,2,4,New Active
15504,81,4,402.7,3,3,2,332,Loyal Customers,3,0,1,4,New Active
15951,9,3,1013.17,5,3,3,533,Loyal Customers,3,0,2,4,New Active
13297,8,7,4368.62,5,4,5,545,Champions,2,0,0,0,Loyal Customers
17072,625,1,273.35,1,2,1,121,Lost / Inactive,4,1,4,1,Hibernating Low-Value
15932,4,8,2495.87,5,4,4,544,Champions,2,0,2,0,Loyal Customers
12358,2,5,3887.07,5,4,5,545,Champions,2,0,2,0,Loyal Customers
13477,38,11,2819.17,4,5,4,454,Champions,2,0,0,0,Loyal Customers
17122,119,4,570.5,3,4,2,342,Loyal Customers,1,0,3,4,At-Risk Churn
12991,23,3,764.82,4,3,3,433,Loyal Customers,3,0,2,4,New Active
15584,24,6,1268.2,4,4,4,444,Champions,2,0,2,0,Loyal Customers
13714,465,1,161.35,1,1,1,111,Lost / Inactive,4,1,4,1,Hibernating Low-Value
17087,738,1,221.53,1,2,1,121,Lost / Inactive,4,1,4,1,Hibernating Low-Value
16260,51,1,1035.45,4,1,3,413,Promising / New,3,1,1,1,New Active
18116,68,13,2134.49,3,5,4,354,Loyal Customers,2,0,0,0,Loyal Customers
17784,550,1,112.86,1,2,1,121,Lost / Inactive,4,1,4,1,Hibernating Low-Value
13657,11,2,382.14,5,2,2,522,Promising / New,3,0,1,4,New Active
14998,170,4,753.18,3,3,3,333,Loyal Customers,1,0,3,0,At-Risk Churn
17409,185,10,7793.51,3,5,5,355,Loyal Customers,2,0,0,0,Loyal Customers
17509,58,8,6083.64,4,5,5,455,Champions,2,0,0,0,Loyal Customers
13002,318,3,414.13,2,3,2,232,At Risk,1,0,3,2,At-Risk Churn
12777,458,1,519.45,1,1,2,112,Lost / Inactive,4,1,4,1,Hibernating Low-Value
16966,8,7,2154.97,5,4,4,544,Champions,2,0,0,0,Loyal Customers
15081,22,12,1854.57,4,5,4,454,Champions,2,0,2,0,Loyal Customers
15774,69,6,1288.34,3,4,4,344,Loyal Customers,2,0,2,0,Loyal Customers
17412,3,16,4220.22,5,5,5,555,Champions,0,0,0,0,VIP Champions
16330,18,7,625.38,5,4,3,543,Champions,3,0,2,0,New Active
13770,422,4,785.37,1,3,3,133,At Risk,1,0,3,2,At-Risk Churn
13189,19,2,260.68,5,2,1,521,Promising / New,3,0,1,4,New Active
13446,430,11,3881.89,1,5,5,155,At Risk,1,0,0,0,At-Risk Churn
13964,387,2,438.9,2,2,2,222,Lost / Inactive,4,0,3,2,Hibernating Low-Value
15270,16,21,8524.86,5,5,5,555,Champions,0,0,0,0,VIP Champions
13877,86,3,449.68,3,3,2,332,Loyal Customers,3,0,1,4,New Active
16424,191,2,443.06,2,2,2,222,Lost / Inactive,4,0,1,4,Hibernating Low-Value
13207,15,4,535.86,5,3,2,532,Loyal Customers,3,0,2,4,New Active
16984,88,9,10350.53,3,5,5,355,Loyal Customers,2,0,0,3,Loyal Customers
14614,386,1,295.13,2,1,2,212,Lost / Inactive,4,1,4,1,Hibernating Low-Value
14579,432,1,105.56,1,1,1,111,Lost / Inactive,4,1,4,1,Hibernating Low-Value
14698,2,5,1217.27,5,4,3,543,Champions,3,0,2,0,New Active
15194,3,28,12021.53,5,5,5,555,Champions,0,0,0,0,VIP Champions
16294,477,1,126.05,1,1,1,111,Lost / Inactive,4,1,4,1,Hibernating Low-Value
13042,598,3,1488.59,1,3,4,134,At Risk,1,0,3,2,At-Risk Churn
17357,24,2,384.39,4,3,2,432,Loyal Customers,3,0,1,4,New Active
18198,4,17,5425.56,5,5,5,555,Champions,0,0,0,0,VIP Champions
12634,536,2,490.0,1,2,2,122,Lost / Inactive,4,0,3,2,Hibernating Low-Value
15652,91,5,1405.94,3,4,4,344,Loyal Customers,1,0,2,0,At-Risk Churn
15492,28,2,659.46,4,2,3,423,Promising / New,3,0,2,4,New Active
16362,32,6,922.16,4,4,3,443,Champions,2,0,2,0,Loyal Customers
17299,12,6,993.23,5,4,3,543,Champions,2,0,2,0,Loyal Customers
15913,534,1,6.3,1,1,1,111,Lost / Inactive,4,-1,4,1,Hibernating Low-Value
14613,680,1,76.32,1,1,1,111,Lost / Inactive,4,1,4,1,Hibernating Low-Value
14818,74,6,1153.56,3,4,3,343,Loyal Customers,1,0,2,0,At-Risk Churn
16490,436,1,205.41,1,1,1,111,Lost / Inactive,4,1,4,1,Hibernating Low-Value
17191,28,15,4310.34,4,5,5,455,Champions,2,0,0,0,Loyal Customers
16382,408,2,353.1,2,2,2,222,Lost / Inactive,4,0,3,2,Hibernating Low-Value
12557,16,8,18096.14,5,4,5,545,Champions,2,0,0,3,Loyal Customers
15297,10,3,641.94,5,3,3,533,Loyal Customers,3,0,2,4,New Active
16899,8,8,1695.77,5,5,4,554,Champions,2,0,2,0,Loyal Customers
13584,307,3,385.7,2,3,2,232,At Risk,1,0,3,2,At-Risk Churn
12420,64,1,600.39,3,1,2,312,Needs Attention,3,1,1,1,New Active
15808,306,21,17180.25,2,5,5,255,At Risk,2,-1,0,3,Loyal Customers
14872,484,3,816.6,1,3,3,133,At Risk,1,0,3,2,At-Risk Churn
15839,33,3,1048.49,4,3,3,433,Loyal Customers,3,0,2,4,New Active
14882,27,14,3546.65,4,5,5,455,Champions,2,0,0,0,Loyal Customers
14398,401,2,707.79,2,2,3,223,Lost / Inactive,1,0,3,2,At-Risk Churn
13746,414,1,176.69,1,1,1,111,Lost / Inactive,4,1,4,1,Hibernating Low-Value
16068,594,1,115.73,1,1,1,111,Lost / Inactive,4,1,4,1,Hibernating Low-Value
17889,212,7,746.42,2,4,3,243,At Risk,1,0,3,0,At-Risk Churn
16935,382,3,530.86,2,3,2,232,At Risk,1,0,3,2,At-Risk Churn
18102,1,145,580987.04,5,5,5,555,Champions,0,-1,0,3,VIP Champions
18156,13,2,675.64,5,3,3,533,Loyal Customers,3,0,2,4,New Active
15803,51,4,1929.66,4,3,4,434,Loyal Customers,2,0,2,0,Loyal Customers
12460,456,1,326.65,1,1,2,112,Lost / Inactive,4,1,4,1,Hibernating Low-Value
17384,19,3,507.55,5,3,2,532,Loyal Customers,3,0,2,4,New Active
14426,24,17,11727.94,4,5,5,455,Champions,0,0,0,0,VIP Champions
14653,1,12,3593.06,5,5,5,555,Champions,0,0,2,0,VIP Champions
15444,9,2,1411.21,5,2,4,524,Promising / New,3,0,2,4,New Active
16600,4,13,2153.41,5,5,4,554,Champions,2,0,2,0,Loyal Customers
17015,29,3,1838.61,4,3,4,434,Loyal Customers,3,0,2,4,New Active
14068,320,4,1516.72,2,3,4,234,At Risk,1,0,3,2,At-Risk Churn
16080,82,4,602.56,3,4,2,342,Loyal Customers,1,0,1,4,At-Risk Churn
14860,19,1,170.32,5,1,1,511,Promising / New,3,1,1,1,New Active
18092,2,18,14693.72,5,5,5,555,Champions,0,0,0,0,VIP Champions
16640,398,1,179.4,2,1,1,211,Lost / Inactive,4,1,4,1,Hibernating Low-Value
14710,14,13,1899.79,5,5,4,554,Champions,2,0,2,0,Loyal Customers
17189,106,5,953.63,3,4,3,343,Loyal Customers,1,0,2,0,At-Risk Churn
17936,5,1,380.13,5,2,2,522,Promising / New,3,1,1,1,New Active
12599,29,13,2296.72,4,5,4,454,Champions,2,0,0,0,Loyal Customers
12697,29,3,957.59,4,3,3,433,Loyal Customers,3,0,2,4,New Active
15368,21,2,722.74,4,2,3,423,Promising / New,3,0,2,4,New Active
14802,438,2,1502.98,1,2,4,124,Lost / Inactive,1,0,3,2,At-Risk Churn
12805,382,4,1434.95,2,3,4,234,At Risk,1,0,3,2,At-Risk Churn
17822,420,5,2162.93,1,4,4,144,At Risk,1,0,3,2,At-Risk Churn
12827,6,3,430.15,5,3,2,532,Loyal Customers,3,0,1,4,New Active
13474,236,3,646.59,2,3,3,233,At Risk,1,0,3,2,At-Risk Churn
13149,14,4,1676.06,5,3,4,534,Loyal Customers,3,0,2,0,New Active
17672,50,7,5778.63,4,4,5,445,Champions,2,0,0,0,Loyal Customers
16150,43,10,4002.17,4,5,5,455,Champions,2,0,0,0,Loyal Customers
12372,72,3,1298.04,3,3,4,334,Loyal Customers,1,0,2,4,At-Risk Churn
15327,53,1,208.75,4,1,1,411,Promising / New,3,1,1,1,New Active
17951,40,4,1340.58,4,4,4,444,Champions,3,0,2,0,New Active
15667,40,1,301.32,4,1,2,412,Promising / New,3,1,1,1,New Active
14999,593,1,129.48,1,1,1,111,Lost / Inactive,4,1,4,1,Hibernating Low-Value
14093,12,1,433.86,5,1,2,512,Promising / New,3,1,1,1,New Active
14889,336,1,135.9,2,1,1,211,Lost / Inactive,4,1,4,1,Hibernating Low-Value
14285,21,8,3284.42,4,4,5,445,Champions,2,0,0,0,Loyal Customers
14259,142,1,120.0,3,1,1,311,Needs Attention,4,1,4,1,Hibernating Low-Value
17955,199,6,949.9,2,4,3,243,At Risk,1,0,3,0,At-Risk Churn
17823,421,2,449.25,1,3,2,132,At Risk,4,0,3,2,Hibernating Low-Value
16028,596,1,82.2,1,1,1,111,Lost / Inactive,4,1,4,1,Hibernating Low-Value
14104,155,5,743.53,3,4,3,343,Loyal Customers,1,0,3,0,At-Risk Churn
15179,18,13,7491.92,5,5,5,555,Champions,2,0,0,0,Loyal Customers
17236,13,12,1929.26,5,5,4,554,Champions,2,0,2,0,Loyal Customers
12956,306,4,521.89,2,3,2,232,At Risk,1,0,3,2,At-Risk Churn
17041,27,6,1655.2,4,4,4,444,Champions,2,0,2,0,Loyal Customers
16866,141,3,207.74,3,3,1,331,Loyal Customers,4,0,1,4,Hibernating Low-Value
15646,158,5,784.81,3,4,3,343,Loyal Customers,1,0,3,0,At-Risk Churn
14107,52,11,4877.3,4,5,5,455,Champions,2,0,0,0,Loyal Customers
15766,64,3,831.06,3,3,3,333,Loyal Customers,3,0,2,4,New Active
17155,18,7,892.46,5,4,3,543,Champions,2,0,2,0,Loyal Customers
18181,24,5,1188.34,4,4,3,443,Champions,2,0,2,0,Loyal Customers
16535,5,3,972.04,5,3,3,533,Loyal Customers,3,0,2,4,New Active
12550,79,1,964.83,3,1,3,313,Needs Attention,3,1,1,1,New Active
12686,372,1,89.14,2,1,1,211,Lost / Inactive,4,1,4,1,Hibernating Low-Value
13188,11,1,114.6,5,1,1,511,Promising / New,3,1,1,1,New Active
16660,16,7,1879.55,5,4,4,544,Champions,2,0,2,0,Loyal Customers
12735,315,2,779.57,2,2,3,223,Lost / Inactive,1,0,3,2,At-Risk Churn
16920,411,1,355.45,1,2,2,122,Lost / Inactive,4,1,4,1,Hibernating Low-Value
16846,50,3,842.41,4,3,3,433,Loyal Customers,3,0,2,4,New Active
14848,405,1,310.56,2,1,2,212,Lost / Inactive,4,1,4,1,Hibernating Low-Value
14803,162,3,845.55,3,3,3,333,Loyal Customers,1,0,3,4,At-Risk Churn
16419,113,8,1463.7,3,5,4,354,Loyal Customers,2,0,2,0,Loyal Customers
15668,218,1,76.32,2,1,1,211,Lost / Inactive,4,1,4,1,Hibernating Low-Value
17213,40,13,4869.4,4,5,5,455,Champions,2,0,0,0,Loyal Customers
16336,421,4,3517.69,1,4,5,145,At Risk,1,0,3,2,At-Risk Churn
16397,628,1,123.13,1,1,1,111,Lost / Inactive,4,1,4,1,Hibernating Low-Value
17137,416,6,1099.81,1,4,3,143,At Risk,1,0,3,2,At-Risk Churn
14886,253,1,364.8,2,1,2,212,Lost / Inactive,4,1,4,1,Hibernating Low-Value
17045,113,5,827.68,3,4,3,343,Loyal Customers,1,0,2,0,At-Risk Churn
13026,1,9,1733.08,5,5,4,554,Champions,2,0,2,0,Loyal Customers
13802,139,19,26259.11,3,5,5,355,Loyal Customers,0,0,0,3,VIP Champions
15390,396,2,1216.66,2,2,3,223,Lost / Inactive,1,0,3,2,At-Risk Churn
15235,218,16,2772.76,2,5,4,254,At Risk,2,0,0,0,Loyal Customers
12408,33,8,4340.77,4,4,5,445,Champions,2,0,0,0,Loyal Customers
13734,509,4,6695.69,1,3,5,135,At Risk,1,0,0,2,At-Risk Churn
16401,1,23,6849.15,5,5,5,555,Champions,0,0,0,0,VIP Champions
15587,50,7,1522.08,4,4,4,444,Champions,2,0,2,0,Loyal Customers
13141,85,17,7656.08,3,5,5,355,Loyal Customers,2,0,0,0,Loyal Customers
14542,186,1,103.25,3,1,1,311,Needs Attention,4,1,4,1,Hibernating Low-Value
15455,598,1,38.25,1,1,1,111,Lost / Inactive,4,1,4,1,Hibernating Low-Value
17731,79,6,1708.99,3,4,4,344,Loyal Customers,2,0,2,0,Loyal Customers
15626,75,3,1067.52,3,3,3,333,Loyal Customers,1,0,2,4,At-Risk Churn
17109,29,8,1291.71,4,5,4,454,Champions,2,0,2,0,Loyal Customers
16167,414,5,1386.12,1,4,4,144,At Risk,1,0,3,2,At-Risk Churn
16857,443,1,352.8,1,2,2,122,Lost / Inactive,4,1,4,1,Hibernating Low-Value
16699,380,7,994.6,2,4,3,243,At Risk,1,0,3,2,At-Risk Churn
16137,680,1,422.7,1,1,2,112,Lost / Inactive,4,1,4,1,Hibernating Low-Value
17103,722,1,424.3,1,2,2,122,Lost / Inactive,4,1,4,1,Hibernating Low-Value
15032,256,8,11010.05,2,4,5,245,At Risk,2,0,0,3,Loyal Customers
13083,4,3,395.43,5,3,2,532,Loyal Customers,3,0,1,4,New Active
15922,373,1,369.5,2,1,2,212,Lost / Inactive,4,1,4,1,Hibernating Low-Value
16848,53,4,1411.62,4,4,4,444,Champions,3,0,2,0,New Active
14035,29,9,2794.75,4,5,4,454,Champions,2,0,0,0,Loyal Customers
17387,20,2,746.81,4,3,3,433,Loyal Customers,3,0,2,4,New Active
16333,8,22,26626.8,5,5,5,555,Champions,0,0,0,3,VIP Champions
16924,21,3,829.89,4,3,3,433,Loyal Customers,3,0,2,4,New Active
12875,143,5,1356.99,3,4,4,344,Loyal Customers,1,0,2,0,At-Risk Churn
16272,117,1,411.7,3,1,2,312,Needs Attention,4,1,4,1,Hibernating Low-Value
15104,197,2,993.54,2,2,3,223,Lost / Inactive,1,0,3,4,At-Risk Churn
15817,421,3,2766.4,1,3,4,134,At Risk,1,0,3,2,At-Risk Churn
17366,432,2,1077.24,1,3,3,133,At Risk,1,0,3,2,At-Risk Churn
18007,393,1,215.22,2,2,1,221,Lost / Inactive,4,1,4,1,Hibernating Low-Value
17257,436,2,189.78,1,3,1,131,At Risk,4,0,4,2,Hibernating Low-Value
13154,399,3,1624.84,2,3,4,234,At Risk,1,0,3,2,At-Risk Churn
13208,59,9,1976.3,4,5,4,454,Champions,2,0,2,0,Loyal Customers
13742,17,12,3107.87,5,5,5,555,Champions,2,0,0,0,Loyal Customers
15262,324,3,418.82,2,3,2,232,At Risk,1,0,3,2,At-Risk Churn
15020,379,1,198.47,2,1,1,211,Lost / Inactive,4,1,4,1,Hibernating Low-Value
16979,4,9,2859.74,5,5,4,554,Champions,2,0,2,0,Loyal Customers
13785,429,4,542.49,1,3,2,132,At Risk,1,0,3,2,At-Risk Churn
12566,86,1,351.65,3,1,2,312,Needs Attention,4,1,1,1,Hibernating Low-Value
13852,611,1,187.35,1,1,1,111,Lost / Inactive,4,1,4,1,Hibernating Low-Value
13650,17,10,3288.0,5,5,5,555,Champions,2,0,0,0,Loyal Customers
13475,191,4,1431.78,2,3,4,234,At Risk,1,0,3,2,At-Risk Churn
12931,22,57,92347.34,4,5,5,455,Champions,0,-1,0,3,VIP Champions
15753,305,1,79.2,2,1,1,211,Lost / Inactive,4,1,4,1,Hibernating Low-Value
12390,80,1,549.84,3,1,2,312,Needs Attention,3,1,1,1,New Active
15818,588,1,340.5,1,1,2,112,Lost / Inactive,4,1,4,1,Hibernating Low-Value
16872,77,6,1213.13,3,4,3,343,Loyal Customers,1,0,2,0,At-Risk Churn
18060,408,2,1185.46,2,3,3,233,At Risk,1,0,3,2,At-Risk Churn
16012,35,5,2978.59,4,4,5,445,Champions,2,0,2,0,Loyal Customers
17548,234,4,731.26,2,4,3,243,At Risk,1,0,3,2,At-Risk Churn
13585,531,3,684.54,1,3,3,133,At Risk,1,0,3,2,At-Risk Churn
15065,38,5,3326.86,4,4,5,445,Champions,2,0,2,0,Loyal Customers
13430,19,2,679.45,5,2,3,523,Promising / New,3,0,2,4,New Active
13068,10,2,344.0,5,2,2,522,Promising / New,3,0,1,4,New Active
17670,228,1,205.7,2,2,1,221,Lost / Inactive,4,1,4,1,Hibernating Low-Value
15848,622,1,137.99,1,1,1,111,Lost / Inactive,4,1,4,1,Hibernating Low-Value
13019,379,6,1229.95,2,4,4,244,At Risk,1,0,3,2,At-Risk Churn
16121,57,5,1450.04,4,4,4,444,Champions,2,0,2,0,Loyal Customers
17939,160,1,99.14,3,2,1,321,Needs Attention,4,1,4,1,Hibernating Low-Value
15933,21,3,1107.46,4,3,3,433,Loyal Customers,3,0,2,4,New Active
17100,18,2,971.74,5,3,3,533,Loyal Customers,3,0,2,4,New Active
15151,423,2,2085.61,1,2,4,124,Lost / Inactive,1,0,3,2,At-Risk Churn
13249,92,9,1608.93,3,5,4,354,Loyal Customers,2,0,2,0,Loyal Customers
13619,545,2,224.94,1,2,1,121,Lost / Inactive,4,0,4,2,Hibernating Low-Value
12442,3,1,172.06,5,1,1,511,Promising / New,3,1,1,1,New Active
14490,406,2,1273.47,2,2,4,224,Lost / Inactive,1,0,3,2,At-Risk Churn
14523,108,1,241.09,3,1,1,311,Needs Attention,4,1,1,1,Hibernating Low-Value
13193,61,1,112.08,3,1,1,311,Needs Attention,4,1,1,1,Hibernating Low-Value
18245,7,20,6324.98,5,5,5,555,Champions,0,0,0,0,VIP Champions
14974,37,1,89.94,4,1,1,411,Promising / New,3,1,1,1,New Active
17275,383,1,114.1,2,2,1,221,Lost / Inactive,4,1,4,1,Hibernating Low-Value
14888,207,1,369.2,2,1,2,212,Lost / Inactive,4,1,4,1,Hibernating Low-Value
17126,152,9,2016.43,3,5,4,354,Loyal Customers,2,0,3,0,Loyal Customers
17337,151,4,1981.06,3,4,4,344,Loyal Customers,1,0,2,0,At-Risk Churn
16869,23,4,817.12,4,4,3,443,Champions,3,0,2,4,New Active
12669,151,3,2744.03,3,3,4,334,Loyal Customers,1,0,2,4,At-Risk Churn
16656,22,30,16833.17,4,5,5,455,Champions,0,0,0,3,VIP Champions
14422,1,19,10271.52,5,5,5,555,Champions,0,0,0,0,VIP Champions
16370,82,4,1301.91,3,4,4,344,Loyal Customers,1,0,2,0,At-Risk Churn
12681,15,45,29834.76,5,5,5,555,Champions,0,0,0,3,VIP Champions
16387,323,5,882.46,2,4,3,243,At Risk,1,0,3,2,At-Risk Churn
12679,59,4,1113.02,4,3,3,433,Loyal Customers,3,0,2,0,New Active
13184,15,10,1668.95,5,5,4,554,Champions,2,0,2,0,Loyal Customers
14808,40,8,2718.6,4,4,4,444,Champions,2,0,0,0,Loyal Customers
14456,5,9,3017.28,5,5,5,555,Champions,2,0,2,0,Loyal Customers
14536,260,1,170.95,2,1,1,211,Lost / Inactive,4,1,4,1,Hibernating Low-Value
16965,227,1,201.19,2,2,1,221,Lost / Inactive,4,1,4,1,Hibernating Low-Value
14455,432,4,617.72,1,3,3,133,At Risk,1,0,3,2,At-Risk Churn
13081,12,28,56838.37,5,5,5,555,Champions,0,-1,0,3,VIP Champions
17749,178,3,1026.18,3,3,3,333,Loyal Customers,1,0,3,4,At-Risk Churn
12638,33,2,921.49,4,2,3,423,Promising / New,3,0,2,4,New Active
12531,15,2,1933.2,5,2,4,524,Promising / New,3,0,2,4,New Active
16035,560,1,217.73,1,1,1,111,Lost / Inactive,4,1,4,1,Hibernating Low-Value
16056,45,1,650.75,4,1,3,413,Promising / New,3,1,1,1,New Active
16970,626,1,71.4,1,2,1,121,Lost / Inactive,4,1,4,1,Hibernating Low-Value
12881,276,1,298.0,2,1,2,212,Lost / Inactive,4,1,4,1,Hibernating Low-Value
15098,182,3,39916.5,3,3,5,335,Loyal Customers,2,-1,0,3,Loyal Customers
13789,388,1,239.46,2,1,1,211,Lost / Inactive,4,1,4,1,Hibernating Low-Value
15129,50,23,6860.18,4,5,5,455,Champions,0,0,0,0,VIP Champions
15416,65,7,4572.82,3,4,5,345,Loyal Customers,2,0,0,0,Loyal Customers
13006,56,1,81.57,4,1,1,411,Promising / New,4,1,1,1,Hibernating Low-Value
13616,568,2,283.85,1,2,1,121,Lost / Inactive,4,0,3,2,Hibernating Low-Value
14775,58,3,1011.9,4,3,3,433,Loyal Customers,3,0,2,4,New Active
18283,4,22,2664.9,5,5,4,554,Champions,0,0,0,0,VIP Champions
15905,543,1,114.69,1,1,1,111,Lost / Inactive,4,1,4,1,Hibernating Low-Value
15030,72,8,1979.91,3,4,4,344,Loyal Customers,2,0,2,0,Loyal Customers
13250,461,2,253.09,1,2,1,121,Lost / Inactive,4,0,4,2,Hibernating Low-Value
12776,668,1,55.5,1,1,1,111,Lost / Inactive,4,1,4,1,Hibernating Low-Value
16389,53,4,1382.07,4,4,4,444,Champions,3,0,2,0,New Active
14211,53,18,4402.29,4,5,5,455,Champions,2,0,0,0,Loyal Customers
17053,131,1,498.48,3,2,2,322,Needs Attention,4,1,4,1,Hibernating Low-Value
17726,395,7,1092.06,2,4,3,243,At Risk,1,0,3,0,At-Risk Churn
13583,156,2,1445.03,3,2,4,324,Needs Attention,1,0,3,4,At-Risk Churn
18261,43,2,324.24,4,3,2,432,Loyal Customers,3,0,1,4,New Active
17824,51,1,298.4,4,2,2,422,Promising / New,3,1,1,1,New Active
18050,359,2,412.06,2,3,2,232,At Risk,4,0,3,2,Hibernating Low-Value
18123,24,3,666.64,4,3,3,433,Loyal Customers,3,0,2,4,New Active
13862,18,9,2556.09,5,5,4,554,Champions,2,0,2,0,Loyal Customers
15615,10,47,21373.97,5,5,5,555,Champions,0,0,0,3,VIP Champions
15893,482,1,305.28,1,1,2,112,Lost / Inactive,4,1,4,1,Hibernating Low-Value
17482,487,2,775.64,1,3,3,133,At Risk,1,0,3,2,At-Risk Churn
14727,274,3,463.73,2,3,2,232,At Risk,1,0,3,2,At-Risk Churn
14533,25,11,3466.37,4,5,5,455,Champions,2,0,0,0,Loyal Customers
14683,588,1,146.56,1,1,1,111,Lost / Inactive,4,1,4,1,Hibernating Low-Value
14204,2,4,1024.83,5,3,3,533,Loyal Customers,3,0,2,4,New Active
17842,602,1,430.69,1,2,2,122,Lost / Inactive,4,1,4,1,Hibernating Low-Value
17523,11,4,652.74,5,4,3,543,Champions,3,0,2,4,New Active
14923,51,1,749.1,4,1,3,413,Promising / New,3,1,1,1,New Active
17837,42,8,1541.23,4,5,4,454,Champions,2,0,2,0,Loyal Customers
17102,262,1,25.5,2,2,1,221,Lost / Inactive,4,1,4,1,Hibernating Low-Value
16643,246,2,923.11,2,2,3,223,Lost / Inactive,1,0,3,2,At-Risk Churn
18255,89,2,303.15,3,3,2,332,Loyal Customers,3,0,1,4,New Active
16567,194,2,865.6,2,2,3,223,Lost / Inactive,1,0,3,4,At-Risk Churn
16693,69,5,1179.48,3,4,3,343,Loyal Customers,1,0,2,0,At-Risk Churn
14060,5,30,8898.24,5,5,5,555,Champions,0,0,0,0,VIP Champions
13486,78,3,1122.41,3,3,3,333,Loyal Customers,1,0,2,4,At-Risk Churn
14468,734,1,204.24,1,1,1,111,Lost / Inactive,4,1,4,1,Hibernating Low-Value
13982,39,9,3954.29,4,5,5,455,Champions,2,0,0,0,Loyal Customers
15168,26,1,106.56,4,1,1,411,Promising / New,3,1,1,1,New Active
16402,265,2,293.45,2,2,2,222,Lost / Inactive,4,0,1,2,Hibernating Low-Value
14123,733,1,436.18,1,1,2,112,Lost / Inactive,4,1,4,1,Hibernating Low-Value
13654,43,11,6308.0,4,5,5,455,Champions,2,0,0,0,Loyal Customers
12417,3,20,6797.41,5,5,5,555,Champions,0,0,0,0,VIP Champions
14127,123,6,1900.08,3,4,4,344,Loyal Customers,1,0,2,0,At-Risk Churn
13668,3,35,12948.48,5,5,5,555,Champions,0,0,0,3,VIP Champions
15046,9,25,7623.79,5,5,5,555,Champions,0,0,0,0,VIP Champions
15238,29,3,1071.99,4,3,3,433,Loyal Customers,3,0,2,4,New Active
14594,7,2,363.33,5,2,2,522,Promising / New,3,0,1,4,New Active
13908,80,4,2369.55,3,3,4,334,Loyal Customers,1,0,2,0,At-Risk Churn
17060,266,1,234.24,2,2,1,221,Lost / Inactive,4,1,4,1,Hibernating Low-Value
13182,45,1,121.18,4,1,1,411,Promising / New,3,1,1,1,New Active
14260,471,3,824.28,1,3,3,133,At Risk,1,0,3,2,At-Risk Churn
16796,89,1,305.62,3,2,2,322,Needs Attention,4,1,1,1,Hibernating Low-Value
15491,95,6,3100.09,3,4,5,345,Loyal Customers,2,0,2,0,Loyal Customers
12585,234,2,2040.1,2,2,4,224,Lost / Inactive,1,0,3,2,At-Risk Churn
12439,683,2,1142.88,1,2,3,123,Lost / Inactive,1,0,3,2,At-Risk Churn
14487,27,7,1266.27,4,4,4,444,Champions,2,0,2,0,Loyal Customers
14934,82,5,3503.5,3,4,5,345,Loyal Customers,2,0,2,0,Loyal Customers
17996,380,3,482.33,2,3,2,232,At Risk,1,0,3,2,At-Risk Churn
16146,157,4,946.38,3,4,3,343,Loyal Customers,1,0,3,0,At-Risk Churn
15511,12,5,900.53,5,4,3,543,Champions,3,0,2,0,New Active
15681,25,14,2989.7,4,5,5,455,Champions,2,0,0,0,Loyal Customers
13357,257,5,3805.51,2,4,5,245,At Risk,1,0,2,2,At-Risk Churn
16782,10,38,9636.12,5,5,5,555,Champions,0,0,0,3,VIP Champions
17002,86,7,2571.55,3,4,4,344,Loyal Customers,2,0,0,0,Loyal Customers
17581,1,43,17951.17,5,5,5,555,Champions,0,0,0,3,VIP Champions
17302,15,5,1135.63,5,4,3,543,Champions,3,0,2,0,New Active
13310,28,5,1541.2,4,4,4,444,Champions,2,0,2,0,Loyal Customers
16031,92,2,547.9,3,2,2,322,Needs Attention,3,0,1,4,New Active
16484,174,2,404.3,3,2,2,322,Needs Attention,4,0,1,4,Hibernating Low-Value
13869,123,10,7996.87,3,5,5,355,Loyal Customers,2,0,0,0,Loyal Customers
14207,688,1,157.8,1,1,1,111,Lost / Inactive,4,1,4,1,Hibernating Low-Value
12759,52,8,5020.74,4,4,5,445,Champions,2,0,0,0,Loyal Customers
14342,21,6,918.44,4,4,3,443,Champions,2,0,2,0,Loyal Customers
17849,218,8,1063.76,2,5,3,253,At Risk,1,0,3,0,At-Risk Churn
18052,565,1,10877.18,1,2,5,125,Lost / Inactive,1,-1,3,1,At-Risk Churn
16598,286,1,145.05,2,1,1,211,Lost / Inactive,4,1,4,1,Hibernating Low-Value
14716,43,3,543.28,4,3,2,432,Loyal Customers,3,0,2,4,New Active
17721,659,1,307.21,1,2,2,122,Lost / Inactive,4,1,4,1,Hibernating Low-Value
15402,149,6,1830.54,3,4,4,344,Loyal Customers,1,0,3,0,At-Risk Churn
13391,204,1,59.8,2,1,1,211,Lost / Inactive,4,1,4,1,Hibernating Low-Value
14908,74,2,381.9,3,2,2,322,Needs Attention,3,0,1,4,New Active
14231,184,4,1235.62,3,3,4,334,Loyal Customers,1,0,3,2,At-Risk Churn
13284,331,1,201.19,2,1,1,211,Lost / Inactive,4,1,4,1,Hibernating Low-Value
17768,8,7,3292.73,5,4,5,545,Champions,2,0,0,0,Loyal Customers
15573,32,5,1188.42,4,4,3,443,Champions,2,0,2,0,Loyal Customers
12982,243,8,2744.81,2,4,4,244,At Risk,1,0,3,0,At-Risk Churn
14147,78,9,2590.2,3,5,4,354,Loyal Customers,2,0,0,0,Loyal Customers
12846,682,1,15.58,1,1,1,111,Lost / Inactive,4,1,4,1,Hibernating Low-Value
15253,16,8,2055.09,5,4,4,544,Champions,2,0,2,0,Loyal Customers
12763,138,2,494.08,3,2,2,322,Needs Attention,1,0,1,4,At-Risk Churn
17338,17,17,11889.33,5,5,5,555,Champions,0,0,0,0,VIP Champions
17762,456,1,129.75,1,2,1,121,Lost / Inactive,4,1,4,1,Hibernating Low-Value
15152,10,14,5263.83,5,5,5,555,Champions,0,0,0,0,VIP Champions
14083,4,11,1082.19,5,5,3,553,Champions,2,0,2,0,Loyal Customers
17031,12,6,2773.85,5,4,4,544,Champions,2,0,0,0,Loyal Customers
13108,373,2,748.46,2,2,3,223,Lost / Inactive,1,0,3,2,At-Risk Churn
13863,248,4,1239.55,2,3,4,234,At Risk,1,0,3,2,At-Risk Churn
13398,192,2,670.34,2,2,3,223,Lost / Inactive,1,0,3,4,At-Risk Churn
15559,568,1,1109.4,1,1,3,113,Lost / Inactive,1,1,4,1,At-Risk Churn
15217,563,1,426.24,1,1,2,112,Lost / Inactive,4,1,4,1,Hibernating Low-Value
15353,255,7,2794.47,2,4,4,244,At Risk,1,0,3,0,At-Risk Churn
16113,183,1,161.38,3,1,1,311,Needs Attention,4,1,4,1,Hibernating Low-Value
12945,288,2,900.11,2,2,3,223,Lost / Inactive,1,0,3,2,At-Risk Churn
14486,512,2,175.5,1,2,1,121,Lost / Inactive,4,0,4,2,Hibernating Low-Value
14246,111,3,1474.06,3,3,4,334,Loyal Customers,1,0,2,4,At-Risk Churn
13427,19,6,1006.53,5,4,3,543,Champions,2,0,2,0,Loyal Customers
15379,169,8,4877.84,3,4,5,345,Loyal Customers,2,0,0,0,Loyal Customers
15293,666,1,247.5,1,1,1,111,Lost / Inactive,4,1,4,1,Hibernating Low-Value
15473,14,8,2046.0,5,4,4,544,Champions,2,0,2,0,Loyal Customers
13001,4,33,24042.65,5,5,5,555,Champions,0,0,0,3,VIP Champions
17545,43,6,1409.86,4,4,4,444,Champions,2,0,2,0,Loyal Customers
17111,47,2,459.58,4,3,2,432,Loyal Customers,3,0,1,4,New Active
18003,376,1,353.51,2,2,2,222,Lost / Inactive,4,1,4,1,Hibernating Low-Value
16742,47,14,2799.87,4,5,4,454,Champions,2,0,0,0,Loyal Customers
14288,213,1,426.6,2,1,2,212,Lost / Inactive,4,1,4,1,Hibernating Low-Value
15157,4,5,2654.11,5,4,4,544,Champions,2,0,2,0,Loyal Customers
14049,17,13,13023.4,5,5,5,555,Champions,0,0,0,3,VIP Champions
15631,642,1,596.67,1,1,2,112,Lost / Inactive,4,1,4,1,Hibernating Low-Value
12422,96,17,5231.8,3,5,5,355,Loyal Customers,2,0,0,0,Loyal Customers
15900,24,4,886.57,4,3,3,433,Loyal Customers,3,0,2,0,New Active
15833,738,1,80.4,1,1,1,111,Lost / Inactive,4,1,4,1,Hibernating Low-Value
15782,10,4,4014.1,5,3,5,535,Loyal Customers,2,0,0,4,Loyal Customers
17352,696,1,36.25,1,2,1,121,Lost / Inactive,4,1,4,1,Hibernating Low-Value
17893,225,1,107.21,2,2,1,221,Lost / Inactive,4,1,4,1,Hibernating Low-Value
14891,148,4,1106.73,3,3,3,333,Loyal Customers,1,0,3,0,At-Risk Churn
15165,373,1,487.75,2,1,2,212,Lost / Inactive,4,1,4,1,Hibernating Low-Value
